Date,Open,High,Low,Close,Shares Traded,Turnover (Rs. Cr),Opening Gap,Close - Open,WeekDay,Abs(Diff),Distance from Median,
17-Jun-2019,11844,11844.05,11657.75,11672.15,295528399,13851.67,,,2,,,
18-Jun-2019,11677.05,11727.2,11641.15,11691.5,365525622,16120.69,,,3,,,
19-Jun-2019,11744.45,11802.5,11625.1,11691.45,446933027,18722.71,,,4,,,
20-Jun-2019,11653.65,11843.5,11635.05,11831.75,442016954,18839.11,-38,178,5,178,,131.63880597015
21-Jun-2019,11827.6,11827.95,11705.1,11724.1,468430388,23346.13,,,6,,,
24-Jun-2019,11725.8,11754,11670.2,11699.65,277620788,12631.38,,,2,,,
25-Jun-2019,11681,11814.4,11651,11796.45,300476353,13822.83,,,3,,,
26-Jun-2019,11768.15,11871.85,11757.55,11847.55,327885018,14650.89,,,4,,,
27-Jun-2019,11860.85,11911.15,11821.05,11841.55,480169350,23300.3,13,-19,5,19,,
28-Jun-2019,11861.15,11871.7,11775.5,11788.85,303888701,15191.9,,,6,,,
01-Jul-2019,11839.9,11884.65,11830.8,11865.6,278415889,12874.96,,,2,,,
02-Jul-2019,11890.3,11917.45,11814.7,11910.3,363197036,13615.94,,,3,,,
03-Jul-2019,11932.15,11945.2,11887.05,11916.75,340527508,14290.33,,,4,,,
04-Jul-2019,11928.8,11969.25,11923.65,11946.75,333595172,14758.87,12,18,5,18,,79.0499999999993
05-Jul-2019,11964.75,11981.75,11797.9,11811.15,530720039,18871.99,,,6,,,
08-Jul-2019,11770.4,11771.9,11523.3,11558.6,464029444,19146.25,,,2,,,
09-Jul-2019,11531.6,11582.55,11461,11555.9,442520253,21577.95,,,3,,,
10-Jul-2019,11536.15,11593.7,11475.65,11498.9,337571014,16098.53,,,4,,,
11-Jul-2019,11561.45,11599,11519.5,11582.9,317257578,14586.2,63,21,5,21,,
12-Jul-2019,11601.15,11639.55,11538.6,11552.5,359421182,16947.57,,,6,,,
15-Jul-2019,11614.75,11618.4,11532.3,11588.35,368788782,15835.99,,,2,,,
16-Jul-2019,11596.65,11670.05,11573.95,11662.6,480156167,15967.91,,,3,,,
17-Jul-2019,11670.75,11706.65,11651.15,11687.5,464827734,15250.5,,,4,,,
18-Jul-2019,11675.6,11677.15,11582.4,11596.9,498258158,16684.03,-12,-79,5,79,,
19-Jul-2019,11627.95,11640.35,11399.3,11419.25,446049198,17326.4,,,6,,,
22-Jul-2019,11392.85,11398.15,11301.25,11346.2,516044335,19304.23,,,2,,,
23-Jul-2019,11372.25,11398.15,11302.8,11331.05,458931191,19199.32,,,3,,,
24-Jul-2019,11322.45,11359.75,11229.8,11271.3,413202832,18353.13,,,4,,,
25-Jul-2019,11290.4,11361.4,11239.35,11252.15,553676897,24329.21,19,-38,5,38,,
26-Jul-2019,11247.45,11307.6,11210.05,11284.3,522670420,20350.38,,,6,,,
29-Jul-2019,11307.5,11310.95,11152.4,11189.2,482862376,18705.92,,,2,,,
30-Jul-2019,11213.7,11267.45,11072.65,11085.4,479059399,20545.71,,,3,,,
31-Jul-2019,11034.05,11145.3,10999.4,11118,536694278,23681.22,,,4,,,
01-Aug-2019,11060.2,11076.75,10881,10980,499918953,21048.32,-58,-80,5,80,,
02-Aug-2019,10930.3,11080.15,10848.95,10997.35,547416246,23972.04,,,6,,,
05-Aug-2019,10895.8,10895.8,10782.6,10862.6,506556609,20824.1,,,2,,,
06-Aug-2019,10815.4,11018.55,10813.8,10948.25,517891491,21676.4,,,3,,,
07-Aug-2019,10958.1,10975.65,10835.9,10855.5,548465787,21228.28,,,4,,,
08-Aug-2019,10899.2,11058.05,10842.95,11032.45,482471622,20667.6,44,133,5,133,,
09-Aug-2019,11087.9,11181.45,11062.8,11109.65,538063563,21092.05,,,6,,,
13-Aug-2019,11139.4,11145.9,10901.6,10925.85,624634647,24790.67,,,3,,,
14-Aug-2019,11003.25,11078.15,10935.6,11029.4,511541716,19712.81,,,4,,,
16-Aug-2019,11043.65,11068.65,10924.3,11047.8,470909918,19281.91,,,6,,,
19-Aug-2019,11094.8,11146.9,11037.85,11053.9,369493161,14120.35,,,2,,,
20-Aug-2019,11063.9,11076.3,10985.3,11017,444715679,16915.96,,,3,,,
21-Aug-2019,11018.15,11034.2,10906.65,10918.7,557867906,16747.99,,,4,,,
22-Aug-2019,10905.3,10908.25,10718.3,10741.35,668193449,18764.38,-13,-164,5,164,,
23-Aug-2019,10699.6,10862.55,10637.15,10829.35,667079625,20983.75,,,6,,,
26-Aug-2019,11000.3,11070.3,10756.55,11057.85,684141923,22375.99,,,2,,,
27-Aug-2019,11106.55,11141.75,11049.5,11105.35,685551267,27413.16,,,3,,,
28-Aug-2019,11101.3,11129.65,10987.65,11046.1,549954696,16739.43,,,4,,,
29-Aug-2019,10996.05,11021.1,10922.4,10948.3,649876160,20127.77,-50,-48,5,48,,
30-Aug-2019,10987.8,11042.6,10874.8,11023.25,628154431,21057.31,,,6,,,
03-Sep-2019,10960.95,10967.5,10772.7,10797.9,483038985,16595.6,,,3,,,
04-Sep-2019,10790.4,10858.75,10746.35,10844.65,508784352,19195.1,,,4,,,
05-Sep-2019,10860.95,10920.1,10816,10847.9,595699267,18279.88,16,-13,5,13,,
06-Sep-2019,10883.8,10957.05,10867.45,10946.2,497214445,18167.78,,,6,,,
09-Sep-2019,10936.7,11028.85,10889.8,11003.05,412471067,14762.07,,,2,,,
11-Sep-2019,11028.5,11054.8,11011.65,11035.7,687140326,19550.59,,,4,,,
12-Sep-2019,11058.3,11081.75,10964.95,10982.8,551436050,17510.17,23,-76,5,76,,
13-Sep-2019,10986.8,11084.45,10945.75,11075.9,624305151,18012.76,,,6,,,
16-Sep-2019,10994.85,11052.7,10968.2,11003.5,434449776,15786.17,,,2,,,
17-Sep-2019,11000.1,11000.1,10796.5,10817.6,482013044,17721.93,,,3,,,
18-Sep-2019,10872.8,10885.15,10804.85,10840.65,519155072,16784.43,,,4,,,
19-Sep-2019,10845.2,10845.2,10670.25,10704.8,642599183,16642.83,5,-140,5,140,,
20-Sep-2019,10746.8,11381.9,10691,11274.2,1356767450,54081.53,,,6,,,
23-Sep-2019,11542.7,11694.85,11471.35,11600.2,882826741,40005.01,,,2,259,,
24-Sep-2019,11590.7,11655.05,11539.2,11588.2,651722255,26930.07,,,3,,,
25-Sep-2019,11564.85,11564.95,11416.1,11440.2,629054640,25266.24,,,4,,,
26-Sep-2019,11469.85,11610.85,11466.35,11571.2,844465614,30707.84,30,101,5,101,,
27-Sep-2019,11556.35,11593.6,11499.75,11512.4,650017280,19036.94,,,6,,,
30-Sep-2019,11491.15,11508.25,11390.8,11474.45,756848686,23748.07,,,2,,,
01-Oct-2019,11515.4,11554.2,11247.9,11359.9,1305415159,28972.72,,,3,,,
03-Oct-2019,11322.25,11370.4,11257.35,11314,1017479514,21658.38,-38,-8,5,8,,
04-Oct-2019,11388.45,11400.3,11158.35,11174.75,928524450,22470.76,,,6,,,
07-Oct-2019,11196.2,11233.85,11112.65,11126.4,733198763,18641.37,,,2,,,
09-Oct-2019,11152.95,11321.6,11090.15,11313.3,741148639,20961.54,,,4,,,
10-Oct-2019,11280.5,11293.35,11208.55,11234.55,562017945,19234.31,-33,-46,5,46,,
11-Oct-2019,11257.7,11362.9,11189.4,11305.05,737795150,22511.39,,,6,,,
14-Oct-2019,11335.9,11420.45,11290.05,11341.15,587579191,17499.48,,,2,,,
15-Oct-2019,11360.85,11462.35,11342.1,11428.3,527396180,17041.55,,,3,,,
16-Oct-2019,11464.95,11481.05,11411.1,11464,533468525,18266.06,,,4,,,
17-Oct-2019,11466.3,11599.1,11439.65,11586.35,797572398,20839.2,2,120,5,120,,
18-Oct-2019,11580.3,11684.7,11553.15,11661.85,853440208,22315.99,,,6,,,
22-Oct-2019,11657.15,11714.35,11573.65,11588.35,867601307,29726.27,,,3,,,
23-Oct-2019,11596.2,11651.6,11554.4,11604.1,664159887,23397.69,,,4,,,
24-Oct-2019,11661.65,11679.6,11534.65,11582.6,700481662,25177.46,58,-79,5,79,,
25-Oct-2019,11646.15,11646.9,11490.75,11583.9,812027840,23611.51,,,6,,,
27-Oct-2019,11662.25,11672.4,11604.6,11627.15,161779004,3548.21,,,1,,,
29-Oct-2019,11643.95,11809.4,11627.35,11786.85,951722529,27054.87,,,3,,,
30-Oct-2019,11883.9,11883.95,11784.45,11844.1,725219760,22672.18,,,4,,,
31-Oct-2019,11890.45,11945,11855.1,11877.45,1414837250,31304.73,46,-13,5,13,,
01-Nov-2019,11886.6,11918.3,11843.35,11890.6,855338495,24933.55,,,6,,,
04-Nov-2019,11928.9,11989.15,11905.35,11941.3,823050457,23203.88,,,2,,,
05-Nov-2019,11974.6,11978.95,11861.9,11917.2,631952071,20995.88,,,3,,,
06-Nov-2019,11911.5,12002.9,11850.25,11966.05,603351290,23324.97,,,4,,,
07-Nov-2019,12021.1,12021.4,11946.85,12012.05,562963817,20898.24,55,-9,5,9,,
08-Nov-2019,11987.15,12034.15,11888.75,11908.15,789254360,22931.52,,,6,,,
11-Nov-2019,11879.2,11932.65,11853.95,11913.45,548979515,16548.47,,,2,,,
13-Nov-2019,11908.3,11946.8,11823.2,11840.45,659035969,20401.5,,,4,,,
14-Nov-2019,11858.75,11895.65,11802.65,11872.1,559494025,19114.86,18,13,5,13,,
15-Nov-2019,11904.2,11973.65,11879.25,11895.45,580154179,22350.63,,,6,,,
18-Nov-2019,11915.15,11946.2,11867.6,11884.5,514352437,17991.41,,,2,,,
19-Nov-2019,11919.45,11958.85,11881.75,11940.1,613909679,21574.84,,,3,,,
20-Nov-2019,12004.75,12038.6,11966.05,11999.1,646661147,24341.14,,,4,,,
21-Nov-2019,12025.65,12028.2,11956.9,11968.4,557685781,21609.99,27,-57,5,57,,
22-Nov-2019,11967.3,11968.1,11883.5,11914.4,486815185,19243.57,,,6,,,
25-Nov-2019,11922.45,12084.5,11919.75,12073.75,534289467,19990.44,,,2,,,
26-Nov-2019,12110.2,12132.45,12006.35,12037.7,1201335831,46030.62,,,3,,,
27-Nov-2019,12068.5,12114.9,12055.15,12100.7,584226618,19937.4,,,4,,,
28-Nov-2019,12132.1,12158.8,12099.95,12151.15,620479403,21229.58,31,19,5,19,,
29-Nov-2019,12146.2,12147.4,12017.4,12056.05,804430391,21838.04,,,6,,,
02-Dec-2019,12137.05,12137.15,12023.7,12048.2,720945335,23113.18,,,2,,,
03-Dec-2019,12067.65,12068.6,11956.4,11994.2,605789334,18203.76,,,3,,,
04-Dec-2019,11969.95,12054.7,11935.3,12043.2,747193818,22132.83,,,4,,,
05-Dec-2019,12071.25,12081.2,11998.75,12018.4,562228745,19589.81,28,-53,5,53,,
06-Dec-2019,12047.35,12057.05,11888.85,11921.5,609221205,18245.49,,,6,,,
09-Dec-2019,11939.1,11981.95,11888.05,11937.5,599115748,16672.87,,,2,,,
10-Dec-2019,11950.5,11953.2,11844.7,11856.8,650219487,16514.63,,,3,,,
11-Dec-2019,11867.35,11923.2,11832.3,11910.15,997655048,18760.57,,,4,,,
12-Dec-2019,11944.3,12005.5,11934,11971.8,752617138,18401.22,34,28,5,28,,
13-Dec-2019,12026.4,12098.85,12023.6,12086.7,597712516,20626.8,,,6,,,
16-Dec-2019,12131.35,12134.65,12046.3,12053.95,437703921,16110.34,,,2,,,
17-Dec-2019,12082.45,12182.75,12070.35,12165,499585789,20968.79,,,3,,,
18-Dec-2019,12197,12237.7,12163.45,12221.65,518854651,22341.06,,,4,,,
19-Dec-2019,12223.4,12268.35,12191.15,12259.7,623049839,19761.9,2,36,5,36,,
20-Dec-2019,12266.45,12293.9,12252.75,12271.8,810676090,25750.24,,,6,,,
23-Dec-2019,12235.45,12287.15,12213.25,12262.75,604782354,18078.23,,,2,,,
24-Dec-2019,12269.25,12283.7,12202.1,12214.55,470290298,13864.56,,,3,,,
26-Dec-2019,12211.85,12221.55,12118.85,12126.55,520326632,16362.31,-3,-85,5,85,,
27-Dec-2019,12172.9,12258.45,12157.9,12245.8,383788556,13676.2,,,6,,,
30-Dec-2019,12274.9,12286.45,12213.8,12255.85,411084614,14556.73,,,2,,,
31-Dec-2019,12247.1,12247.1,12151.8,12168.45,426931711,14812.89,,,3,,,
01-Jan-2020,12202.15,12222.2,12165.3,12182.5,304078039,10445.68,,,4,,,
02-Jan-2020,12198.55,12289.9,12195.25,12282.2,407697594,15256.55,16,84,5,84,,
03-Jan-2020,12261.1,12265.6,12191.35,12226.65,428770054,16827.27,,,6,,,
06-Jan-2020,12170.6,12179.1,11974.2,11993.05,396501419,16869.22,,,2,,,
07-Jan-2020,12079.1,12152.15,12005.35,12052.95,447818617,17797.68,,,3,,,
08-Jan-2020,11939.1,12044.95,11929.6,12025.35,445991640,18281.15,,,4,,,
09-Jan-2020,12153.15,12224.05,12132.55,12215.9,477469878,18456.64,128,63,5,63,,
10-Jan-2020,12271,12311.2,12213.2,12256.8,660627930,18818.62,,,6,,,
13-Jan-2020,12296.7,12337.75,12285.8,12329.55,500968242,17522.13,,,2,,,
14-Jan-2020,12333.1,12374.25,12308.7,12362.3,616260555,17948.92,,,3,,,
15-Jan-2020,12349.4,12355.15,12278.75,12343.3,684352965,17882.51,,,4,,,
16-Jan-2020,12347.1,12389.05,12315.8,12355.5,395670245,16004.06,4,8,5,8,,
17-Jan-2020,12328.4,12385.45,12321.4,12352.35,502060615,21397.63,,,6,,,
20-Jan-2020,12430.5,12430.5,12216.9,12224.55,491609317,21415.43,,,2,,,
21-Jan-2020,12195.3,12230.05,12162.3,12169.85,443976442,18682.65,,,3,,,
22-Jan-2020,12218.35,12225.05,12087.9,12106.9,526294513,19758.68,,,4,,,
23-Jan-2020,12123.75,12189,12094.1,12180.35,867653663,23829.39,17,57,5,57,,
24-Jan-2020,12174.55,12272.15,12149.65,12248.25,593237908,18032.27,,,6,,,
27-Jan-2020,12197.1,12216.6,12107,12119,441158138,17988.61,,,2,,,
28-Jan-2020,12148.1,12163.55,12024.5,12055.8,478484057,20917.62,,,3,,,
29-Jan-2020,12114.9,12169.6,12103.8,12129.5,514362340,20646.18,,,4,,,
30-Jan-2020,12147.75,12150.3,12010.6,12035.8,538138743,19372.67,18,-112,5,112,,
31-Jan-2020,12100.4,12103.55,11945.85,11962.1,771278258,26044.91,,,6,,,
01-Feb-2020,11939,12017.35,11633.3,11661.85,537634767,20598.12,,,7,,,
03-Feb-2020,11627.45,11749.85,11614.5,11707.9,669815788,25415.26,,,2,,,
04-Feb-2020,11786.25,11986.15,11783.4,11979.65,560430291,22338.5,,,3,,,
05-Feb-2020,12005.85,12098.15,11953.35,12089.15,758032580,22998.05,,,4,,,
06-Feb-2020,12120,12160.6,12084.65,12137.95,565116236,21735.92,31,18,5,18,,
07-Feb-2020,12151.15,12154.7,12073.95,12098.35,473475144,16339.61,,,6,,,
10-Feb-2020,12102.35,12103.55,11990.75,12031.5,525674715,17185.14,,,2,,,
11-Feb-2020,12108.4,12172.3,12099,12107.9,480491557,16209.52,,,3,,,
12-Feb-2020,12151,12231.75,12144.3,12201.2,412399174,16598.33,,,4,,,
13-Feb-2020,12219.55,12225.65,12139.8,12174.65,501510138,16315.27,18,-45,5,45,,
14-Feb-2020,12190.15,12246.7,12091.2,12113.45,623053270,20759.51,,,6,,,
17-Feb-2020,12131.8,12159.6,12037,12045.8,455412408,15439.55,,,2,,,
18-Feb-2020,12028.25,12030.75,11908.05,11992.5,677307424,18853,,,3,,,
19-Feb-2020,12090.6,12134.7,12042.1,12125.9,514030605,17610.89,,,4,,,
20-Feb-2020,12119,12152,12071.45,12080.85,502875583,18831.51,-7,-38,5,38,,
24-Feb-2020,12012.55,12012.55,11813.4,11829.4,491224913,19421.04,,,2,,,
25-Feb-2020,11877.5,11883.05,11779.9,11797.9,461349973,18510.82,,,3,,,
26-Feb-2020,11738.55,11783.25,11639.6,11678.5,567990976,21887.07,,,4,,,
27-Feb-2020,11661.25,11663.85,11536.7,11633.3,609266324,21623.47,-17,-28,5,28,,
28-Feb-2020,11382,11384.8,11175.05,11201.75,810523106,32297.15,,,6,65.6999999999989,,
02-Mar-2020,11387.35,11433,11036.25,11132.75,681148567,24204.55,,,2,,,
03-Mar-2020,11217.55,11342.25,11152.55,11303.3,696919348,23281.2,,,3,,,
04-Mar-2020,11351.35,11356.6,11082.15,11251,798021596,26928.46,,,4,,,
05-Mar-2020,11306.05,11389.5,11244.6,11269,1353209029,26980.65,55,-37,5,37,,
06-Mar-2020,10942.65,11035.1,10827.4,10989.45,1811564187,26455.29,,,6,573.750000000002,,
09-Mar-2020,10742.05,10751.55,10294.45,10451.45,1566119057,35151.79,,,2,364.550000000003,,
11-Mar-2020,10334.3,10545.1,10334,10458.4,1219079693,32548.47,,,4,,,
12-Mar-2020,10039.95,10040.75,9508,9590.15,1344263317,39283.97,-418,-450,5,450,,
13-Mar-2020,9107.6,10159.4,8555.15,9955.2,1389061775,44167.89,,,6,849.950000000001,,
16-Mar-2020,9587.8,9602.2,9165.1,9197.4,898523271,29181.8,,,2,279.400000000001,,
17-Mar-2020,9285.4,9403.8,8915.6,8967.05,936185892,28004.16,,,3,,,
18-Mar-2020,9088.45,9127.55,8407.05,8468.8,1517275761,39256.71,,,4,,,
19-Mar-2020,8063.3,8575.45,7832.55,8263.45,926508824,34274.23,-405,200,5,200,,
20-Mar-2020,8284.45,8883,8178.2,8745.45,1072263600,37321.25,,,6,,,
23-Mar-2020,7945.7,8159.25,7583.6,7610.25,654151814,23891.9,,,2,561.700000000001,,
24-Mar-2020,7848.3,8036.95,7511.1,7801.05,739354439,28282.09,,,3,172.15,,
25-Mar-2020,7735.15,8376.75,7714.75,8317.85,738114713,28482.01,,,4,,,
26-Mar-2020,8451,8749.05,8304.9,8641.45,866534643,32228.31,133,190,5,190,,
27-Mar-2020,8949.1,9038.9,8522.9,8660.25,801923401,31336.86,,,6,33.3500000000004,,
30-Mar-2020,8385.95,8576,8244,8281.1,593953051,24724.44,,,2,26.0499999999993,,
31-Mar-2020,8529.35,8678.3,8358,8597.75,713390935,27401.3,,,3,234.6,,
01-Apr-2020,8584.1,8588.1,8198.35,8253.8,507509685,21307.3,,,4,,,
03-Apr-2020,8356.55,8356.55,8055.8,8083.8,697752438,26561.18,,,6,,,
07-Apr-2020,8446.3,8819.4,8360.95,8792.2,815245226,35206.69,,,3,259.199999999998,,
08-Apr-2020,8688.9,9131.7,8653.9,8748.75,897562690,37641.68,,,4,,,
09-Apr-2020,8973.05,9128.35,8904.55,9111.9,743036134,32907.82,224,139,5,139,,
13-Apr-2020,9103.95,9112.05,8912.4,8993.85,644468815,26749.06,,,2,,,
15-Apr-2020,9196.4,9261.2,8874.1,8925.3,880159358,41878.64,,,4,128.5,,
16-Apr-2020,8851.25,9053.75,8821.9,8992.8,720116479,31318.29,-74,142,5,142,,
17-Apr-2020,9323.45,9324,9091.35,9266.75,684910520,33334.73,,,6,454.100000000002,,
20-Apr-2020,9390.2,9390.85,9230.8,9261.85,726364699,28620.91,,,2,,,
21-Apr-2020,9016.95,9044.4,8909.4,8981.45,655122903,28273.89,,,3,199.6,,
22-Apr-2020,9026.75,9209.75,8946.25,9187.3,734383388,33981.82,,,4,,,
23-Apr-2020,9232.35,9343.6,9170.15,9313.9,666650462,30270.55,45,82,5,82,,
24-Apr-2020,9163.9,9296.9,9141.3,9154.4,659439249,32859.05,,,6,,,
27-Apr-2020,9259.7,9377.1,9250.35,9282.3,512793298,26696.54,,,2,,,
28-Apr-2020,9389.8,9404.4,9260,9380.9,614548983,30091.41,,,3,,,
29-Apr-2020,9408.6,9599.85,9392.35,9553.35,653026950,31673.23,,,4,,,
30-Apr-2020,9753.5,9889.05,9731.5,9859.9,931173802,39332.46,200,106,5,106,,
04-May-2020,9533.5,9533.5,9266.95,9293.5,687487134,29785.95,,,2,190.5,,
05-May-2020,9429.4,9450.9,9190.75,9205.6,725196178,29700.2,,,3,,,
06-May-2020,9226.8,9346.9,9116.5,9270.9,722185448,30798.1,,,4,,,
07-May-2020,9234.05,9277.85,9175.9,9199.05,708740416,59705.53,-37,-35,5,35,,
08-May-2020,9376.95,9382.65,9238.2,9251.5,609053504,30743.45,,,6,,,
11-May-2020,9348.15,9439.9,9219.95,9239.2,704647074,31048.47,,,2,,,
12-May-2020,9168.85,9240.85,9043.95,9196.55,805458787,37706.27,,,3,,,
13-May-2020,9584.2,9584.5,9351.1,9383.55,846395245,36488.9,,,4,218.050000000003,,
14-May-2020,9213.95,9281.1,9119.75,9142.75,602555564,29541.59,-170,-71,5,71,,
15-May-2020,9182.4,9182.4,9050,9136.85,575857112,25847.33,,,6,,,
18-May-2020,9158.3,9158.3,8806.75,8823.25,772983297,33347.46,,,2,,,
19-May-2020,8961.7,9030.35,8855.3,8879.1,762152894,32026.94,,,3,,,
20-May-2020,8889.15,9093.8,8875.35,9066.55,622308140,30721.99,,,4,,,
21-May-2020,9079.45,9178.55,9056.1,9106.25,631542699,28303.51,13,27,5,27,,
22-May-2020,9067.9,9149.6,8968.55,9039.25,675759336,31625.47,,,6,,,
26-May-2020,9099.75,9161.65,8996.65,9029.05,654959960,30871.59,,,3,,,
27-May-2020,9082.2,9334,9004.25,9314.95,763492487,34603.88,,,4,,,
28-May-2020,9364.95,9511.25,9336.5,9490.1,837911425,37761.91,50,125,5,125,,
29-May-2020,9422.2,9598.85,9376.9,9580.3,967005438,45006.25,,,6,,,
01-Jun-2020,9726.85,9931.6,9706.95,9826.15,794183122,38096.92,,,2,,,
02-Jun-2020,9880.85,9995.6,9824.05,9979.1,770192848,36723.11,,,3,,,
03-Jun-2020,10108.3,10176.2,10035.55,10061.55,794664422,38343.61,,,4,,,
04-Jun-2020,10054.25,10123.85,9944.25,10029.1,775106567,36399.04,-7,-25,5,25,,
05-Jun-2020,10093.8,10177.8,10040.75,10142.15,987122302,37824.63,,,6,,,
08-Jun-2020,10326.75,10328.5,10120.25,10167.45,936485541,37819.06,,,2,,,
09-Jun-2020,10181.15,10291.15,10021.45,10046.65,754217460,36201.05,,,3,,,
10-Jun-2020,10072.6,10148.75,10036.85,10116.15,632383068,28485.47,,,4,,,
11-Jun-2020,10094.1,10112.05,9885.05,9902,715453486,30813.85,-22,-192,5,192,,
12-Jun-2020,9544.95,9996.05,9544.35,9972.9,796306399,36505.77,,,6,410.599999999999,,
15-Jun-2020,9919.35,9943.35,9726.35,9813.7,716053036,31926.65,,,2,,,
