date,time,price,type,strikePrice
24-Jun-2020,09:53,10529.65,NIFTY,
24-Jun-2020,09:53,55.5,CALL,10550
24-Jun-2020,09:53,73.85,PUT,10500
24-Jun-2020,09:54,10531.95,NIFTY,
24-Jun-2020,09:54,55.95,CALL,10550
24-Jun-2020,09:54,72.1,PUT,10500
24-Jun-2020,09:55,10532.45,NIFTY,
24-Jun-2020,09:55,55.85,CALL,10550
24-Jun-2020,09:55,72.65,PUT,10500
24-Jun-2020,09:56,10525.15,NIFTY,
24-Jun-2020,09:56,53.3,CALL,10550
24-Jun-2020,09:56,74.75,PUT,10500
24-Jun-2020,09:57,10528.25,NIFTY,
24-Jun-2020,09:57,54,CALL,10550
24-Jun-2020,09:57,73.75,PUT,10500
24-Jun-2020,09:58,10523.65,NIFTY,
24-Jun-2020,09:58,52.5,CALL,10550
24-Jun-2020,09:58,76,PUT,10500
24-Jun-2020,09:59,10526.8,NIFTY,
24-Jun-2020,09:59,53.65,CALL,10550
24-Jun-2020,09:59,74,PUT,10500
24-Jun-2020,10:00,54.35,CALL,10550
24-Jun-2020,10:00,73.15,PUT,10500
24-Jun-2020,10:00,10526.05,NIFTY,
24-Jun-2020,10:01,10522.25,NIFTY,
24-Jun-2020,10:01,53.95,CALL,10550
24-Jun-2020,10:01,75.6,PUT,10500
24-Jun-2020,10:02,10526.8,NIFTY,
24-Jun-2020,10:02,54.05,CALL,10550
24-Jun-2020,10:02,72.45,PUT,10500
24-Jun-2020,10:03,10535.1,NIFTY,
24-Jun-2020,10:03,55.75,CALL,10550
24-Jun-2020,10:03,71.1,PUT,10500
24-Jun-2020,10:04,10533.85,NIFTY,
24-Jun-2020,10:04,55.7,CALL,10550
24-Jun-2020,10:04,71,PUT,10500
24-Jun-2020,10:05,10530.15,NIFTY,
24-Jun-2020,10:05,54.9,CALL,10550
24-Jun-2020,10:05,73.15,PUT,10500
24-Jun-2020,10:06,10534.85,NIFTY,
24-Jun-2020,10:06,55.6,CALL,10550
24-Jun-2020,10:06,70.2,PUT,10500
24-Jun-2020,10:07,10534.75,NIFTY,
24-Jun-2020,10:07,55.9,CALL,10550
24-Jun-2020,10:07,70.5,PUT,10500
24-Jun-2020,10:08,10533.9,NIFTY,
24-Jun-2020,10:08,55.9,CALL,10550
24-Jun-2020,10:08,69.5,PUT,10500
24-Jun-2020,10:09,10532.95,NIFTY,
24-Jun-2020,10:09,69.85,PUT,10500
24-Jun-2020,10:09,55.55,CALL,10550
24-Jun-2020,10:10,10535.65,NIFTY,
24-Jun-2020,10:10,69.1,PUT,10500
24-Jun-2020,10:10,55.8,CALL,10550
24-Jun-2020,10:11,10532.5,NIFTY,
24-Jun-2020,10:11,55.65,CALL,10550
24-Jun-2020,10:11,69.65,PUT,10500
24-Jun-2020,10:12,10540.2,NIFTY,
24-Jun-2020,10:12,58,CALL,10550
24-Jun-2020,10:12,65.65,PUT,10500
24-Jun-2020,10:13,10543.75,NIFTY,
24-Jun-2020,10:13,63.4,CALL,10550
24-Jun-2020,10:13,62.9,PUT,10500
24-Jun-2020,10:14,10542.6,NIFTY,
24-Jun-2020,10:14,62.95,CALL,10550
24-Jun-2020,10:14,62.8,PUT,10500
24-Jun-2020,10:15,10544.6,NIFTY,
24-Jun-2020,10:15,62.9,PUT,10500
24-Jun-2020,10:15,63,CALL,10550
24-Jun-2020,10:16,10546.65,NIFTY,
24-Jun-2020,10:16,64.8,CALL,10550
24-Jun-2020,10:16,61.9,PUT,10500
24-Jun-2020,10:17,10550.55,NIFTY,
24-Jun-2020,10:17,66.8,CALL,10550
24-Jun-2020,10:17,60.55,PUT,10500
24-Jun-2020,10:18,10550.95,NIFTY,
24-Jun-2020,10:18,66.7,CALL,10550
24-Jun-2020,10:18,60.75,PUT,10500
24-Jun-2020,10:19,10548.1,NIFTY,
24-Jun-2020,10:19,65.2,CALL,10550
24-Jun-2020,10:19,61.7,PUT,10500
24-Jun-2020,10:20,61.8,PUT,10500
24-Jun-2020,10:20,65.5,CALL,10550
24-Jun-2020,10:20,10548.6,NIFTY,
24-Jun-2020,10:21,62.8,PUT,10500
24-Jun-2020,10:21,10544.2,NIFTY,
24-Jun-2020,10:21,64.2,CALL,10550
24-Jun-2020,10:22,10544.05,NIFTY,
24-Jun-2020,10:22,64.4,CALL,10550
24-Jun-2020,10:22,62.85,PUT,10500
24-Jun-2020,10:23,10544.85,NIFTY,
24-Jun-2020,10:23,63.35,CALL,10550
24-Jun-2020,10:23,62.6,PUT,10500
24-Jun-2020,10:24,10548.15,NIFTY,
24-Jun-2020,10:24,65.3,CALL,10550
24-Jun-2020,10:24,62.4,PUT,10500
24-Jun-2020,10:25,10547.15,NIFTY,
24-Jun-2020,10:25,63.4,PUT,10500
24-Jun-2020,10:25,64.45,CALL,10550
24-Jun-2020,10:26,10542.6,NIFTY,
24-Jun-2020,10:26,63.6,CALL,10550
24-Jun-2020,10:26,64.05,PUT,10500
24-Jun-2020,10:27,10537.8,NIFTY,
24-Jun-2020,10:27,60.8,CALL,10550
24-Jun-2020,10:27,65.45,PUT,10500
24-Jun-2020,10:28,10541.1,NIFTY,
24-Jun-2020,10:28,62.75,CALL,10550
24-Jun-2020,10:28,64.2,PUT,10500
24-Jun-2020,10:29,10539.3,NIFTY,
24-Jun-2020,10:29,61,CALL,10550
24-Jun-2020,10:29,64.9,PUT,10500
24-Jun-2020,10:30,10539.7,NIFTY,
24-Jun-2020,10:30,62,CALL,10550
24-Jun-2020,10:30,64.05,PUT,10500
24-Jun-2020,10:31,10539.8,NIFTY,
24-Jun-2020,10:31,61.6,CALL,10550
24-Jun-2020,10:31,65,PUT,10500
24-Jun-2020,10:32,10542.3,NIFTY,
24-Jun-2020,10:32,62.1,CALL,10550
24-Jun-2020,10:32,64.15,PUT,10500
24-Jun-2020,10:33,10540.45,NIFTY,
24-Jun-2020,10:33,65.4,PUT,10500
24-Jun-2020,10:33,61.3,CALL,10550
24-Jun-2020,10:34,10538.65,NIFTY,
24-Jun-2020,10:34,60,CALL,10550
24-Jun-2020,10:34,66.3,PUT,10500
24-Jun-2020,10:35,10536.95,NIFTY,
24-Jun-2020,10:35,67,PUT,10500
24-Jun-2020,10:35,59.2,CALL,10550
24-Jun-2020,10:36,10531.65,NIFTY,
24-Jun-2020,10:36,56.45,CALL,10550
24-Jun-2020,10:36,68.3,PUT,10500
24-Jun-2020,10:37,10522.75,NIFTY,
24-Jun-2020,10:37,53.5,CALL,10550
24-Jun-2020,10:37,71.15,PUT,10500
24-Jun-2020,10:38,54.25,CALL,10550
24-Jun-2020,10:38,71.25,PUT,10500
24-Jun-2020,10:38,10524.2,NIFTY,
24-Jun-2020,10:39,10525,NIFTY,
24-Jun-2020,10:39,55.25,CALL,10550
24-Jun-2020,10:39,70.2,PUT,10500
24-Jun-2020,10:40,10522.85,NIFTY,
24-Jun-2020,10:40,72.5,PUT,10500
24-Jun-2020,10:40,54.65,CALL,10550
24-Jun-2020,10:41,10516.8,NIFTY,
24-Jun-2020,10:41,53.4,CALL,10550
24-Jun-2020,10:41,73.15,PUT,10500
24-Jun-2020,10:42,49.8,CALL,10550
24-Jun-2020,10:42,77.55,PUT,10500
24-Jun-2020,10:42,10509.9,NIFTY,
24-Jun-2020,10:43,10511.75,NIFTY,
24-Jun-2020,10:43,51.05,CALL,10550
24-Jun-2020,10:43,76.35,PUT,10500
24-Jun-2020,10:44,10514,NIFTY,
24-Jun-2020,10:44,77.6,PUT,10500
24-Jun-2020,10:44,51.35,CALL,10550
24-Jun-2020,10:45,10513.3,NIFTY,
24-Jun-2020,10:45,52.6,CALL,10550
24-Jun-2020,10:45,77.15,PUT,10500
24-Jun-2020,10:46,10505,NIFTY,
24-Jun-2020,10:46,48.85,CALL,10550
24-Jun-2020,10:46,81.5,PUT,10500
24-Jun-2020,10:47,10494.7,NIFTY,
24-Jun-2020,10:47,44.95,CALL,10550
24-Jun-2020,10:47,86.55,PUT,10500
24-Jun-2020,10:48,10497.65,NIFTY,
24-Jun-2020,10:48,44.9,CALL,10550
24-Jun-2020,10:48,83.8,PUT,10500
24-Jun-2020,10:49,10492.2,NIFTY,
24-Jun-2020,10:49,45,CALL,10550
24-Jun-2020,10:49,86.65,PUT,10500
24-Jun-2020,10:50,45.9,CALL,10550
24-Jun-2020,10:50,87.25,PUT,10500
24-Jun-2020,10:50,10495.75,NIFTY,
24-Jun-2020,10:51,10506.1,NIFTY,
24-Jun-2020,10:51,48.55,CALL,10550
24-Jun-2020,10:51,81.35,PUT,10500
24-Jun-2020,10:52,10500.4,NIFTY,
24-Jun-2020,10:52,47.8,CALL,10550
24-Jun-2020,10:52,83.45,PUT,10500
24-Jun-2020,10:53,10492.15,NIFTY,
24-Jun-2020,10:53,87.75,PUT,10500
24-Jun-2020,10:53,45.75,CALL,10550
24-Jun-2020,10:54,10485.75,NIFTY,
24-Jun-2020,10:54,90.8,PUT,10500
24-Jun-2020,10:54,43.15,CALL,10550
24-Jun-2020,10:55,10480.5,NIFTY,
24-Jun-2020,10:55,40.45,CALL,10550
24-Jun-2020,10:55,96.15,PUT,10500
24-Jun-2020,10:56,10484,NIFTY,
24-Jun-2020,10:56,43.35,CALL,10550
24-Jun-2020,10:56,92,PUT,10500
24-Jun-2020,10:57,10487.55,NIFTY,
24-Jun-2020,10:57,43.5,CALL,10550
24-Jun-2020,10:57,92.7,PUT,10500
24-Jun-2020,10:58,10471.9,NIFTY,
24-Jun-2020,10:58,41.15,CALL,10550
24-Jun-2020,10:58,101.4,PUT,10500
24-Jun-2020,10:59,10461.55,NIFTY,
24-Jun-2020,10:59,36.9,CALL,10550
24-Jun-2020,10:59,104.45,PUT,10500
24-Jun-2020,11:00,32.65,CALL,10550
24-Jun-2020,11:00,105.55,PUT,10500
24-Jun-2020,11:00,10456.9,NIFTY,
24-Jun-2020,11:01,10458.2,NIFTY,
24-Jun-2020,11:01,33.3,CALL,10550
24-Jun-2020,11:01,106.45,PUT,10500
24-Jun-2020,11:02,10466.5,NIFTY,
24-Jun-2020,11:02,103.85,PUT,10500
24-Jun-2020,11:02,34.95,CALL,10550
24-Jun-2020,11:03,10476.1,NIFTY,
24-Jun-2020,11:03,100.4,PUT,10500
24-Jun-2020,11:03,37.4,CALL,10550
24-Jun-2020,11:04,10482.5,NIFTY,
24-Jun-2020,11:04,39.25,CALL,10550
24-Jun-2020,11:04,95.55,PUT,10500
24-Jun-2020,11:05,10477.2,NIFTY,
24-Jun-2020,11:05,39,CALL,10550
24-Jun-2020,11:05,96.15,PUT,10500
24-Jun-2020,11:06,10472.65,NIFTY,
24-Jun-2020,11:06,37.5,CALL,10550
24-Jun-2020,11:06,98.45,PUT,10500
24-Jun-2020,11:07,10467.25,NIFTY,
24-Jun-2020,11:07,37.1,CALL,10550
24-Jun-2020,11:07,103.1,PUT,10500
24-Jun-2020,11:08,10483.9,NIFTY,
24-Jun-2020,11:08,40,CALL,10550
24-Jun-2020,11:08,94,PUT,10500
24-Jun-2020,11:09,10490.9,NIFTY,
24-Jun-2020,11:09,41.45,CALL,10550
24-Jun-2020,11:09,91.75,PUT,10500
24-Jun-2020,11:10,10490.95,NIFTY,
24-Jun-2020,11:10,42.1,CALL,10550
24-Jun-2020,11:10,90.3,PUT,10500
24-Jun-2020,11:11,10491,NIFTY,
24-Jun-2020,11:11,41.7,CALL,10550
24-Jun-2020,11:11,91.8,PUT,10500
24-Jun-2020,11:12,10483.9,NIFTY,
24-Jun-2020,11:12,39.95,CALL,10550
24-Jun-2020,11:12,95.1,PUT,10500
24-Jun-2020,11:13,10484.4,NIFTY,
24-Jun-2020,11:13,39.4,CALL,10550
24-Jun-2020,11:13,95.2,PUT,10500
24-Jun-2020,11:14,38.2,CALL,10550
24-Jun-2020,11:14,98,PUT,10500
24-Jun-2020,11:14,10479.95,NIFTY,
24-Jun-2020,11:15,10471.2,NIFTY,
24-Jun-2020,11:15,36.6,CALL,10550
24-Jun-2020,11:15,102.65,PUT,10500
24-Jun-2020,11:16,10476.4,NIFTY,
24-Jun-2020,11:16,38.45,CALL,10550
24-Jun-2020,11:16,98.7,PUT,10500
24-Jun-2020,11:17,10473.6,NIFTY,
24-Jun-2020,11:17,37.65,CALL,10550
24-Jun-2020,11:17,103.15,PUT,10500
24-Jun-2020,11:18,10474.45,NIFTY,
24-Jun-2020,11:18,37.3,CALL,10550
24-Jun-2020,11:18,101.95,PUT,10500
24-Jun-2020,11:19,10474.75,NIFTY,
24-Jun-2020,11:19,38,CALL,10550
24-Jun-2020,11:19,101.9,PUT,10500
24-Jun-2020,11:20,10479.7,NIFTY,
24-Jun-2020,11:20,38.55,CALL,10550
24-Jun-2020,11:20,97.35,PUT,10500
24-Jun-2020,11:21,10487.1,NIFTY,
24-Jun-2020,11:21,40.1,CALL,10550
24-Jun-2020,11:21,94.25,PUT,10500
24-Jun-2020,11:22,10483.15,NIFTY,
24-Jun-2020,11:22,39.6,CALL,10550
24-Jun-2020,11:22,94.95,PUT,10500
24-Jun-2020,11:23,10482.1,NIFTY,
24-Jun-2020,11:23,39.7,CALL,10550
24-Jun-2020,11:23,96.8,PUT,10500
24-Jun-2020,11:24,10479.85,NIFTY,
24-Jun-2020,11:24,38.35,CALL,10550
24-Jun-2020,11:24,99,PUT,10500
24-Jun-2020,11:25,10480.75,NIFTY,
24-Jun-2020,11:25,39.55,CALL,10550
24-Jun-2020,11:25,98.9,PUT,10500
24-Jun-2020,11:26,10471.95,NIFTY,
24-Jun-2020,11:26,36.1,CALL,10550
24-Jun-2020,11:26,103.35,PUT,10500
24-Jun-2020,11:27,10481.8,NIFTY,
24-Jun-2020,11:27,98.45,PUT,10500
24-Jun-2020,11:27,38.8,CALL,10550
24-Jun-2020,11:29,10480.85,NIFTY,
24-Jun-2020,11:29,38.05,CALL,10550
24-Jun-2020,11:29,100.55,PUT,10500
24-Jun-2020,11:30,10477.55,NIFTY,
24-Jun-2020,11:30,37.8,CALL,10550
24-Jun-2020,11:30,99.7,PUT,10500
24-Jun-2020,11:31,10473.05,NIFTY,
24-Jun-2020,11:31,37.85,CALL,10550
24-Jun-2020,11:31,102,PUT,10500
24-Jun-2020,11:32,10476.45,NIFTY,
24-Jun-2020,11:32,37.9,CALL,10550
24-Jun-2020,11:32,101,PUT,10500
24-Jun-2020,11:33,10464.9,NIFTY,
24-Jun-2020,11:33,35.5,CALL,10550
24-Jun-2020,11:33,106.5,PUT,10500
24-Jun-2020,11:34,10457.1,NIFTY,
24-Jun-2020,11:34,32.4,CALL,10550
24-Jun-2020,11:34,111.5,PUT,10500
24-Jun-2020,11:35,10455.8,NIFTY,
24-Jun-2020,11:35,32.5,CALL,10550
24-Jun-2020,11:35,110.95,PUT,10500
24-Jun-2020,11:36,10450.5,NIFTY,
24-Jun-2020,11:36,31.85,CALL,10550
24-Jun-2020,11:36,114.3,PUT,10500
24-Jun-2020,11:37,10449.1,NIFTY,
24-Jun-2020,11:37,30,CALL,10550
24-Jun-2020,11:37,113.55,PUT,10500
24-Jun-2020,11:38,10450.1,NIFTY,
24-Jun-2020,11:38,31.8,CALL,10550
24-Jun-2020,11:38,111.35,PUT,10500
24-Jun-2020,11:39,10461.4,NIFTY,
24-Jun-2020,11:39,32.8,CALL,10550
24-Jun-2020,11:39,107.95,PUT,10500
24-Jun-2020,11:40,10451.6,NIFTY,
24-Jun-2020,11:40,113.25,PUT,10500
24-Jun-2020,11:40,31.95,CALL,10550
24-Jun-2020,11:41,10447.1,NIFTY,
24-Jun-2020,11:41,30.55,CALL,10550
24-Jun-2020,11:41,113.8,PUT,10500
24-Jun-2020,11:42,10444.25,NIFTY,
24-Jun-2020,11:42,30.6,CALL,10550
24-Jun-2020,11:42,117.85,PUT,10500
24-Jun-2020,11:43,10445.9,NIFTY,
24-Jun-2020,11:43,30.75,CALL,10550
24-Jun-2020,11:43,113.4,PUT,10500
24-Jun-2020,11:44,29.2,CALL,10550
24-Jun-2020,11:44,117,PUT,10500
24-Jun-2020,11:44,10441.6,NIFTY,
24-Jun-2020,11:45,10443.15,NIFTY,
24-Jun-2020,11:45,30.45,CALL,10550
24-Jun-2020,11:45,115.35,PUT,10500
24-Jun-2020,11:46,10447.7,NIFTY,
24-Jun-2020,11:46,31.3,CALL,10550
24-Jun-2020,11:46,113.7,PUT,10500
24-Jun-2020,11:47,10456.2,NIFTY,
24-Jun-2020,11:47,32.85,CALL,10550
24-Jun-2020,11:47,109.2,PUT,10500
24-Jun-2020,11:48,10461.1,NIFTY,
24-Jun-2020,11:48,34.15,CALL,10550
24-Jun-2020,11:48,106.55,PUT,10500
24-Jun-2020,11:49,10460.5,NIFTY,
24-Jun-2020,11:49,33.6,CALL,10550
24-Jun-2020,11:49,108.35,PUT,10500
24-Jun-2020,11:50,10456.85,NIFTY,
24-Jun-2020,11:50,33.2,CALL,10550
24-Jun-2020,11:50,109.55,PUT,10500
24-Jun-2020,11:51,10462.9,NIFTY,
24-Jun-2020,11:51,34.5,CALL,10550
24-Jun-2020,11:51,105.05,PUT,10500
24-Jun-2020,11:52,10466.75,NIFTY,
24-Jun-2020,11:52,35.05,CALL,10550
24-Jun-2020,11:52,104.8,PUT,10500
24-Jun-2020,11:53,10462.2,NIFTY,
24-Jun-2020,11:53,34.7,CALL,10550
24-Jun-2020,11:53,105.45,PUT,10500
24-Jun-2020,11:54,10457.75,NIFTY,
24-Jun-2020,11:54,108.6,PUT,10500
24-Jun-2020,11:54,33.4,CALL,10550
24-Jun-2020,11:55,114.6,PUT,10500
24-Jun-2020,11:55,10450.35,NIFTY,
24-Jun-2020,11:55,30.85,CALL,10550
24-Jun-2020,11:56,10455.5,NIFTY,
24-Jun-2020,11:56,32,CALL,10550
24-Jun-2020,11:56,112.8,PUT,10500
24-Jun-2020,11:57,10450.6,NIFTY,
24-Jun-2020,11:57,30.9,CALL,10550
24-Jun-2020,11:57,112.2,PUT,10500
24-Jun-2020,11:58,10456.6,NIFTY,
24-Jun-2020,11:58,32.05,CALL,10550
24-Jun-2020,11:58,109.8,PUT,10500
24-Jun-2020,11:59,10456.7,NIFTY,
24-Jun-2020,11:59,32.7,CALL,10550
24-Jun-2020,11:59,108.25,PUT,10500
24-Jun-2020,12:00,10455.85,NIFTY,
24-Jun-2020,12:00,32.6,CALL,10550
24-Jun-2020,12:00,109.5,PUT,10500
24-Jun-2020,12:01,10460.8,NIFTY,
24-Jun-2020,12:01,33.7,CALL,10550
24-Jun-2020,12:01,106.05,PUT,10500
24-Jun-2020,12:02,10461.95,NIFTY,
24-Jun-2020,12:02,33.8,CALL,10550
24-Jun-2020,12:02,106.1,PUT,10500
24-Jun-2020,12:03,10458.8,NIFTY,
24-Jun-2020,12:03,33,CALL,10550
24-Jun-2020,12:03,107.95,PUT,10500
24-Jun-2020,12:04,33.75,CALL,10550
24-Jun-2020,12:04,105.25,PUT,10500
24-Jun-2020,12:04,10460.35,NIFTY,
24-Jun-2020,12:05,32.3,CALL,10550
24-Jun-2020,12:05,108.2,PUT,10500
24-Jun-2020,12:05,10457.85,NIFTY,
24-Jun-2020,12:06,10466.1,NIFTY,
24-Jun-2020,12:06,33.6,CALL,10550
24-Jun-2020,12:06,105.35,PUT,10500
24-Jun-2020,12:07,10464.25,NIFTY,
24-Jun-2020,12:07,33.65,CALL,10550
24-Jun-2020,12:07,104.65,PUT,10500
24-Jun-2020,12:08,10468.75,NIFTY,
24-Jun-2020,12:08,34.2,CALL,10550
24-Jun-2020,12:08,103.4,PUT,10500
24-Jun-2020,12:09,37.65,CALL,10550
24-Jun-2020,12:09,94.5,PUT,10500
24-Jun-2020,12:09,10473.75,NIFTY,
24-Jun-2020,12:10,10477.65,NIFTY,
24-Jun-2020,12:10,39.3,CALL,10550
24-Jun-2020,12:10,91.65,PUT,10500
24-Jun-2020,12:11,38.45,CALL,10550
24-Jun-2020,12:11,95.45,PUT,10500
24-Jun-2020,12:11,10475.5,NIFTY,
24-Jun-2020,12:12,10485.1,NIFTY,
24-Jun-2020,12:12,40.55,CALL,10550
24-Jun-2020,12:12,90.95,PUT,10500
24-Jun-2020,12:13,10480,NIFTY,
24-Jun-2020,12:13,39.95,CALL,10550
24-Jun-2020,12:13,92.65,PUT,10500
24-Jun-2020,12:14,10480.75,NIFTY,
24-Jun-2020,12:14,39.8,CALL,10550
24-Jun-2020,12:14,93.25,PUT,10500
24-Jun-2020,12:15,38.85,CALL,10550
24-Jun-2020,12:15,93.85,PUT,10500
24-Jun-2020,12:15,10478.95,NIFTY,
24-Jun-2020,12:16,39.85,CALL,10550
24-Jun-2020,12:16,91.95,PUT,10500
24-Jun-2020,12:16,10481.5,NIFTY,
24-Jun-2020,12:17,10486.15,NIFTY,
24-Jun-2020,12:17,40.25,CALL,10550
24-Jun-2020,12:17,88,PUT,10500
24-Jun-2020,12:18,10497.55,NIFTY,
24-Jun-2020,12:18,44.35,CALL,10550
24-Jun-2020,12:18,81.85,PUT,10500
24-Jun-2020,12:19,10494.1,NIFTY,
24-Jun-2020,12:19,43.65,CALL,10550
24-Jun-2020,12:19,83.65,PUT,10500
24-Jun-2020,12:20,10509.5,NIFTY,
24-Jun-2020,12:20,47.9,CALL,10550
24-Jun-2020,12:20,74.45,PUT,10500
24-Jun-2020,12:21,10504.9,NIFTY,
24-Jun-2020,12:21,47,CALL,10550
24-Jun-2020,12:21,77.4,PUT,10500
24-Jun-2020,12:22,10514.95,NIFTY,
24-Jun-2020,12:22,73.05,PUT,10500
24-Jun-2020,12:22,51.2,CALL,10550
24-Jun-2020,12:23,10522.25,NIFTY,
24-Jun-2020,12:23,67.95,PUT,10500
24-Jun-2020,12:23,52.3,CALL,10550
24-Jun-2020,12:24,10512.4,NIFTY,
24-Jun-2020,12:24,49.8,CALL,10550
24-Jun-2020,12:24,71.15,PUT,10500
24-Jun-2020,12:25,10524.3,NIFTY,
24-Jun-2020,12:25,51.85,CALL,10550
24-Jun-2020,12:25,67.4,PUT,10500
24-Jun-2020,12:26,10520.55,NIFTY,
24-Jun-2020,12:26,69.1,PUT,10500
24-Jun-2020,12:26,50.35,CALL,10550
24-Jun-2020,12:27,10510.85,NIFTY,
24-Jun-2020,12:27,47.6,CALL,10550
24-Jun-2020,12:27,70.65,PUT,10500
24-Jun-2020,12:28,10509.95,NIFTY,
24-Jun-2020,12:28,48.1,CALL,10550
24-Jun-2020,12:28,72.7,PUT,10500
24-Jun-2020,12:29,10514.9,NIFTY,
24-Jun-2020,12:29,48.75,CALL,10550
24-Jun-2020,12:29,70.95,PUT,10500
24-Jun-2020,12:30,10518.95,NIFTY,
24-Jun-2020,12:30,49.5,CALL,10550
24-Jun-2020,12:30,68.85,PUT,10500
24-Jun-2020,12:31,10508,NIFTY,
24-Jun-2020,12:31,46.7,CALL,10550
24-Jun-2020,12:31,73.05,PUT,10500
24-Jun-2020,12:32,10503.4,NIFTY,
24-Jun-2020,12:32,45.05,CALL,10550
24-Jun-2020,12:32,74.7,PUT,10500
24-Jun-2020,12:33,10510.1,NIFTY,
24-Jun-2020,12:33,73.25,PUT,10500
24-Jun-2020,12:33,45,CALL,10550
24-Jun-2020,12:34,45.7,CALL,10550
24-Jun-2020,12:34,75.95,PUT,10500
24-Jun-2020,12:34,10506.25,NIFTY,
24-Jun-2020,12:35,43.9,CALL,10550
24-Jun-2020,12:35,77.5,PUT,10500
24-Jun-2020,12:35,10498.5,NIFTY,
24-Jun-2020,12:36,10513.05,NIFTY,
24-Jun-2020,12:36,47.8,CALL,10550
24-Jun-2020,12:36,70.35,PUT,10500
24-Jun-2020,12:37,10516.6,NIFTY,
24-Jun-2020,12:37,49.15,CALL,10550
24-Jun-2020,12:37,69.4,PUT,10500
24-Jun-2020,12:38,10518.05,NIFTY,
24-Jun-2020,12:38,50.15,CALL,10550
24-Jun-2020,12:38,68.9,PUT,10500
24-Jun-2020,12:39,51,CALL,10550
24-Jun-2020,12:39,68.95,PUT,10500
24-Jun-2020,12:39,10520.25,NIFTY,
24-Jun-2020,12:40,10524.25,NIFTY,
24-Jun-2020,12:40,51.65,CALL,10550
24-Jun-2020,12:40,67.4,PUT,10500
24-Jun-2020,12:41,10524.3,NIFTY,
24-Jun-2020,12:41,51.85,CALL,10550
24-Jun-2020,12:41,67.05,PUT,10500
24-Jun-2020,12:42,51,CALL,10550
24-Jun-2020,12:42,70.15,PUT,10500
24-Jun-2020,12:42,10523.05,NIFTY,
24-Jun-2020,12:43,50.65,CALL,10550
24-Jun-2020,12:43,70.05,PUT,10500
24-Jun-2020,12:43,10519.65,NIFTY,
24-Jun-2020,12:44,10521.4,NIFTY,
24-Jun-2020,12:44,51,CALL,10550
24-Jun-2020,12:44,69.4,PUT,10500
24-Jun-2020,12:45,10515.4,NIFTY,
24-Jun-2020,12:45,49.3,CALL,10550
24-Jun-2020,12:45,70.35,PUT,10500
24-Jun-2020,12:46,10524.65,NIFTY,
24-Jun-2020,12:46,51.25,CALL,10550
24-Jun-2020,12:46,68,PUT,10500
24-Jun-2020,12:47,10531.2,NIFTY,
24-Jun-2020,12:47,53.7,CALL,10550
24-Jun-2020,12:47,65.95,PUT,10500
24-Jun-2020,12:48,10527.65,NIFTY,
24-Jun-2020,12:48,51.95,CALL,10550
24-Jun-2020,12:48,66.8,PUT,10500
24-Jun-2020,12:49,10528.6,NIFTY,
24-Jun-2020,12:49,52.95,CALL,10550
24-Jun-2020,12:49,66.8,PUT,10500
24-Jun-2020,12:50,10527.45,NIFTY,
24-Jun-2020,12:50,55,CALL,10550
24-Jun-2020,12:50,66,PUT,10500
24-Jun-2020,12:51,10535.4,NIFTY,
24-Jun-2020,12:51,56,CALL,10550
24-Jun-2020,12:51,64.3,PUT,10500
24-Jun-2020,12:52,10534.2,NIFTY,
24-Jun-2020,12:52,56.9,CALL,10550
24-Jun-2020,12:52,66.1,PUT,10500
24-Jun-2020,12:53,57.25,CALL,10550
24-Jun-2020,12:53,63.4,PUT,10500
24-Jun-2020,12:53,10533.05,NIFTY,
24-Jun-2020,12:54,10527.3,NIFTY,
24-Jun-2020,12:54,54.55,CALL,10550
24-Jun-2020,12:54,66.9,PUT,10500
24-Jun-2020,12:55,10526.6,NIFTY,
24-Jun-2020,12:55,54.25,CALL,10550
24-Jun-2020,12:55,67,PUT,10500
24-Jun-2020,12:56,10531.7,NIFTY,
24-Jun-2020,12:56,55.2,CALL,10550
24-Jun-2020,12:56,65.35,PUT,10500
24-Jun-2020,12:57,10525.55,NIFTY,
24-Jun-2020,12:57,54.85,CALL,10550
24-Jun-2020,12:57,67.5,PUT,10500
24-Jun-2020,12:58,10525.85,NIFTY,
24-Jun-2020,12:58,66.4,PUT,10500
24-Jun-2020,12:58,55.1,CALL,10550
24-Jun-2020,12:59,10522.35,NIFTY,
24-Jun-2020,12:59,54.15,CALL,10550
24-Jun-2020,12:59,67.3,PUT,10500
24-Jun-2020,13:00,10514.1,NIFTY,
24-Jun-2020,13:00,53,CALL,10550
24-Jun-2020,13:00,70,PUT,10500
24-Jun-2020,13:01,10507.1,NIFTY,
24-Jun-2020,13:01,50.2,CALL,10550
24-Jun-2020,13:01,72.55,PUT,10500
24-Jun-2020,13:02,10503.95,NIFTY,
24-Jun-2020,13:02,48.35,CALL,10550
24-Jun-2020,13:02,73.5,PUT,10500
24-Jun-2020,13:03,10505.7,NIFTY,
24-Jun-2020,13:03,47.7,CALL,10550
24-Jun-2020,13:03,74.55,PUT,10500
24-Jun-2020,13:04,10495.75,NIFTY,
24-Jun-2020,13:04,76.9,PUT,10500
24-Jun-2020,13:04,44.9,CALL,10550
24-Jun-2020,13:05,10503,NIFTY,
24-Jun-2020,13:05,46.4,CALL,10550
24-Jun-2020,13:05,75.9,PUT,10500
24-Jun-2020,13:06,10512.35,NIFTY,
24-Jun-2020,13:06,48.5,CALL,10550
24-Jun-2020,13:06,72.75,PUT,10500
24-Jun-2020,13:07,10516.3,NIFTY,
24-Jun-2020,13:07,50.85,CALL,10550
24-Jun-2020,13:07,72.4,PUT,10500
24-Jun-2020,13:08,10510.35,NIFTY,
24-Jun-2020,13:08,47.8,CALL,10550
24-Jun-2020,13:08,74.95,PUT,10500
24-Jun-2020,13:09,10508.55,NIFTY,
24-Jun-2020,13:09,46.15,CALL,10550
24-Jun-2020,13:09,77.55,PUT,10500
24-Jun-2020,13:10,10495.6,NIFTY,
24-Jun-2020,13:10,42.6,CALL,10550
24-Jun-2020,13:10,81.65,PUT,10500
24-Jun-2020,13:11,10475.55,NIFTY,
24-Jun-2020,13:11,37.9,CALL,10550
24-Jun-2020,13:11,94.9,PUT,10500
24-Jun-2020,13:12,10462.15,NIFTY,
24-Jun-2020,13:12,34.25,CALL,10550
24-Jun-2020,13:12,101.95,PUT,10500
24-Jun-2020,13:13,10468.1,NIFTY,
24-Jun-2020,13:13,35,CALL,10550
24-Jun-2020,13:13,97.75,PUT,10500
24-Jun-2020,13:14,10454.05,NIFTY,
24-Jun-2020,13:14,105.95,PUT,10500
24-Jun-2020,13:14,32.4,CALL,10550
24-Jun-2020,13:15,10448.4,NIFTY,
24-Jun-2020,13:15,32.2,CALL,10550
24-Jun-2020,13:15,112.8,PUT,10500
24-Jun-2020,13:16,10436.85,NIFTY,
24-Jun-2020,13:16,29.55,CALL,10550
24-Jun-2020,13:16,122,PUT,10500
24-Jun-2020,13:17,10444.35,NIFTY,
24-Jun-2020,13:17,31,CALL,10550
24-Jun-2020,13:17,121.25,PUT,10500
24-Jun-2020,13:18,33.35,CALL,10550
24-Jun-2020,13:18,10457.85,NIFTY,
24-Jun-2020,13:18,115.65,PUT,10500
24-Jun-2020,13:19,10453.7,NIFTY,
24-Jun-2020,13:19,33.55,CALL,10550
24-Jun-2020,13:19,116.3,PUT,10500
24-Jun-2020,13:20,10452.45,NIFTY,
24-Jun-2020,13:20,34.35,CALL,10550
24-Jun-2020,13:20,117.85,PUT,10500
24-Jun-2020,13:21,10445.5,NIFTY,
24-Jun-2020,13:21,30.95,CALL,10550
24-Jun-2020,13:21,122.15,PUT,10500
24-Jun-2020,13:22,10443.85,NIFTY,
24-Jun-2020,13:22,33.05,CALL,10550
24-Jun-2020,13:22,124.1,PUT,10500
24-Jun-2020,13:23,10452.5,NIFTY,
24-Jun-2020,13:23,33.2,CALL,10550
24-Jun-2020,13:23,120.5,PUT,10500
24-Jun-2020,13:24,35.45,CALL,10550
24-Jun-2020,13:24,115.8,PUT,10500
24-Jun-2020,13:24,10460.95,NIFTY,
24-Jun-2020,13:25,10464.3,NIFTY,
24-Jun-2020,13:25,36.55,CALL,10550
24-Jun-2020,13:25,114.25,PUT,10500
24-Jun-2020,13:26,10455.25,NIFTY,
24-Jun-2020,13:26,34.1,CALL,10550
24-Jun-2020,13:26,117,PUT,10500
24-Jun-2020,13:27,10449.05,NIFTY,
24-Jun-2020,13:27,34.35,CALL,10550
24-Jun-2020,13:27,120,PUT,10500
24-Jun-2020,13:28,10453.75,NIFTY,
24-Jun-2020,13:28,35.6,CALL,10550
24-Jun-2020,13:28,113.9,PUT,10500
24-Jun-2020,13:29,10444.55,NIFTY,
24-Jun-2020,13:29,33.05,CALL,10550
24-Jun-2020,13:29,121.05,PUT,10500
24-Jun-2020,13:30,10437.8,NIFTY,
24-Jun-2020,13:30,31.4,CALL,10550
24-Jun-2020,13:30,125.95,PUT,10500
24-Jun-2020,13:31,10439.4,NIFTY,
24-Jun-2020,13:31,31.5,CALL,10550
24-Jun-2020,13:31,125.45,PUT,10500
24-Jun-2020,13:32,10440.35,NIFTY,
24-Jun-2020,13:32,32.7,CALL,10550
24-Jun-2020,13:32,122.35,PUT,10500
24-Jun-2020,13:33,10425.5,NIFTY,
24-Jun-2020,13:33,27.95,CALL,10550
24-Jun-2020,13:33,133.4,PUT,10500
24-Jun-2020,13:34,10431.6,NIFTY,
24-Jun-2020,13:34,28.25,CALL,10550
24-Jun-2020,13:34,128.95,PUT,10500
24-Jun-2020,13:35,29,CALL,10550
24-Jun-2020,13:35,125.3,PUT,10500
24-Jun-2020,13:35,10433.5,NIFTY,
24-Jun-2020,13:36,10419.35,NIFTY,
24-Jun-2020,13:36,25.75,CALL,10550
24-Jun-2020,13:36,137.5,PUT,10500
24-Jun-2020,13:37,10410.15,NIFTY,
24-Jun-2020,13:37,24.05,CALL,10550
24-Jun-2020,13:37,143,PUT,10500
24-Jun-2020,13:38,10409.15,NIFTY,
24-Jun-2020,13:38,141.4,PUT,10500
24-Jun-2020,13:38,24.25,CALL,10550
24-Jun-2020,13:39,10402.25,NIFTY,
24-Jun-2020,13:39,22.1,CALL,10550
24-Jun-2020,13:39,147.85,PUT,10500
24-Jun-2020,13:40,10405.05,NIFTY,
24-Jun-2020,13:40,148.6,PUT,10500
24-Jun-2020,13:40,21.7,CALL,10550
24-Jun-2020,13:41,10395.25,NIFTY,
24-Jun-2020,13:41,17.4,CALL,10550
24-Jun-2020,13:41,151.85,PUT,10500
24-Jun-2020,13:42,10399.65,NIFTY,
24-Jun-2020,13:42,151.65,PUT,10500
24-Jun-2020,13:42,18.15,CALL,10550
24-Jun-2020,13:43,10410.2,NIFTY,
24-Jun-2020,13:43,19.35,CALL,10550
24-Jun-2020,13:43,144.15,PUT,10500
24-Jun-2020,13:44,10411.9,NIFTY,
24-Jun-2020,13:44,20.75,CALL,10550
24-Jun-2020,13:44,142.1,PUT,10500
24-Jun-2020,13:45,10393.25,NIFTY,
24-Jun-2020,13:45,19.2,CALL,10550
24-Jun-2020,13:45,153.9,PUT,10500
24-Jun-2020,13:46,10374.05,NIFTY,
24-Jun-2020,13:46,15.1,CALL,10550
24-Jun-2020,13:46,167.25,PUT,10500
24-Jun-2020,13:47,10383.95,NIFTY,
24-Jun-2020,13:47,16.1,CALL,10550
24-Jun-2020,13:47,166.1,PUT,10500
24-Jun-2020,13:48,10377.65,NIFTY,
24-Jun-2020,13:48,16,CALL,10550
24-Jun-2020,13:48,167.75,PUT,10500
24-Jun-2020,13:49,10393.1,NIFTY,
24-Jun-2020,13:49,17.75,CALL,10550
24-Jun-2020,13:49,152.6,PUT,10500
24-Jun-2020,13:50,10388.35,NIFTY,
24-Jun-2020,13:50,18.2,CALL,10550
24-Jun-2020,13:50,157.3,PUT,10500
24-Jun-2020,13:51,10381.65,NIFTY,
24-Jun-2020,13:51,16.8,CALL,10550
24-Jun-2020,13:51,162,PUT,10500
24-Jun-2020,13:52,10400.1,NIFTY,
24-Jun-2020,13:52,18.7,CALL,10550
24-Jun-2020,13:52,147.2,PUT,10500
24-Jun-2020,13:53,10406.15,NIFTY,
24-Jun-2020,13:53,144.2,PUT,10500
24-Jun-2020,13:53,19.9,CALL,10550
24-Jun-2020,13:54,10397.15,NIFTY,
24-Jun-2020,13:54,150,PUT,10500
24-Jun-2020,13:54,19.25,CALL,10550
24-Jun-2020,13:55,10402.6,NIFTY,
24-Jun-2020,13:55,146.85,PUT,10500
24-Jun-2020,13:55,19,CALL,10550
24-Jun-2020,13:56,10400.95,NIFTY,
24-Jun-2020,13:56,146.2,PUT,10500
24-Jun-2020,13:56,19.5,CALL,10550
24-Jun-2020,13:57,10391.85,NIFTY,
24-Jun-2020,13:57,153,PUT,10500
24-Jun-2020,13:57,17.9,CALL,10550
24-Jun-2020,13:58,10394.7,NIFTY,
24-Jun-2020,13:58,17.9,CALL,10550
24-Jun-2020,13:58,155.75,PUT,10500
24-Jun-2020,13:59,19.05,CALL,10550
24-Jun-2020,13:59,152.8,PUT,10500
24-Jun-2020,13:59,10393.6,NIFTY,
24-Jun-2020,14:00,10398.55,NIFTY,
24-Jun-2020,14:00,19.35,CALL,10550
24-Jun-2020,14:00,151.2,PUT,10500
24-Jun-2020,14:01,10390.55,NIFTY,
24-Jun-2020,14:01,156.6,PUT,10500
24-Jun-2020,14:01,18.65,CALL,10550
24-Jun-2020,14:02,10379.6,NIFTY,
24-Jun-2020,14:02,161.95,PUT,10500
24-Jun-2020,14:02,17.45,CALL,10550
24-Jun-2020,14:03,10375.75,NIFTY,
24-Jun-2020,14:03,163.15,PUT,10500
24-Jun-2020,14:03,15.8,CALL,10550
24-Jun-2020,14:04,10387.3,NIFTY,
24-Jun-2020,14:04,154.45,PUT,10500
24-Jun-2020,14:04,16.9,CALL,10550
24-Jun-2020,14:05,10394.25,NIFTY,
24-Jun-2020,14:05,17.45,CALL,10550
24-Jun-2020,14:05,149.1,PUT,10500
24-Jun-2020,14:06,10420.45,NIFTY,
24-Jun-2020,14:06,20.15,CALL,10550
24-Jun-2020,14:06,126.2,PUT,10500
24-Jun-2020,14:07,10427.75,NIFTY,
24-Jun-2020,14:07,118.85,PUT,10500
24-Jun-2020,14:07,22.95,CALL,10550
24-Jun-2020,14:08,10425.6,NIFTY,
24-Jun-2020,14:08,24.4,CALL,10550
24-Jun-2020,14:08,121.75,PUT,10500
24-Jun-2020,14:09,10415.1,NIFTY,
24-Jun-2020,14:09,21.7,CALL,10550
24-Jun-2020,14:09,131.6,PUT,10500
24-Jun-2020,14:10,10418.65,NIFTY,
24-Jun-2020,14:10,21.25,CALL,10550
24-Jun-2020,14:10,128.15,PUT,10500
24-Jun-2020,14:11,23,CALL,10550
24-Jun-2020,14:11,129.5,PUT,10500
24-Jun-2020,14:11,10419.85,NIFTY,
24-Jun-2020,14:12,21.65,CALL,10550
24-Jun-2020,14:12,138.55,PUT,10500
24-Jun-2020,14:12,10407.2,NIFTY,
24-Jun-2020,14:13,10394.15,NIFTY,
24-Jun-2020,14:13,19.8,CALL,10550
24-Jun-2020,14:13,145,PUT,10500
24-Jun-2020,14:14,10399.75,NIFTY,
24-Jun-2020,14:14,19,CALL,10550
24-Jun-2020,14:14,142.65,PUT,10500
24-Jun-2020,14:15,18.8,CALL,10550
24-Jun-2020,14:15,150,PUT,10500
24-Jun-2020,14:15,10396.75,NIFTY,
24-Jun-2020,14:16,10396.65,NIFTY,
24-Jun-2020,14:16,19.25,CALL,10550
24-Jun-2020,14:16,150.85,PUT,10500
24-Jun-2020,14:17,10405.6,NIFTY,
24-Jun-2020,14:17,20.75,CALL,10550
24-Jun-2020,14:17,141.65,PUT,10500
24-Jun-2020,14:18,10402.85,NIFTY,
24-Jun-2020,14:18,20.95,CALL,10550
24-Jun-2020,14:18,135.75,PUT,10500
24-Jun-2020,14:19,10401,NIFTY,
24-Jun-2020,14:19,20.45,CALL,10550
24-Jun-2020,14:19,140.95,PUT,10500
24-Jun-2020,14:20,10405.8,NIFTY,
24-Jun-2020,14:20,136.85,PUT,10500
24-Jun-2020,14:20,21.25,CALL,10550
24-Jun-2020,14:21,10418.25,NIFTY,
24-Jun-2020,14:21,22.6,CALL,10550
24-Jun-2020,14:21,132.9,PUT,10500
24-Jun-2020,14:22,131.1,PUT,10500
24-Jun-2020,14:22,22.45,CALL,10550
24-Jun-2020,14:22,10420.25,NIFTY,
24-Jun-2020,14:23,21.55,CALL,10550
24-Jun-2020,14:23,131.9,PUT,10500
24-Jun-2020,14:23,10415.75,NIFTY,
24-Jun-2020,14:24,10409.65,NIFTY,
24-Jun-2020,14:24,19.55,CALL,10550
24-Jun-2020,14:24,133.05,PUT,10500
24-Jun-2020,14:25,10410,NIFTY,
24-Jun-2020,14:25,20.45,CALL,10550
24-Jun-2020,14:25,134.8,PUT,10500
24-Jun-2020,14:26,10416.45,NIFTY,
24-Jun-2020,14:26,21.45,CALL,10550
24-Jun-2020,14:26,129.05,PUT,10500
24-Jun-2020,14:27,10408.45,NIFTY,
24-Jun-2020,14:27,19.65,CALL,10550
24-Jun-2020,14:27,134.85,PUT,10500
24-Jun-2020,14:28,10404.35,NIFTY,
24-Jun-2020,14:28,19.95,CALL,10550
24-Jun-2020,14:28,135.8,PUT,10500
24-Jun-2020,14:29,10406.85,NIFTY,
24-Jun-2020,14:29,19.85,CALL,10550
24-Jun-2020,14:29,136.45,PUT,10500
24-Jun-2020,14:30,10393.4,NIFTY,
24-Jun-2020,14:30,17.8,CALL,10550
24-Jun-2020,14:30,142.3,PUT,10500
24-Jun-2020,14:31,10395.7,NIFTY,
24-Jun-2020,14:31,18,CALL,10550
24-Jun-2020,14:31,143,PUT,10500
24-Jun-2020,14:32,10405.9,NIFTY,
24-Jun-2020,14:32,135.9,PUT,10500
24-Jun-2020,14:32,19.2,CALL,10550
24-Jun-2020,14:33,10402,NIFTY,
24-Jun-2020,14:33,19.1,CALL,10550
24-Jun-2020,14:33,136.15,PUT,10500
24-Jun-2020,14:34,10401.05,NIFTY,
24-Jun-2020,14:34,18.6,CALL,10550
24-Jun-2020,14:34,139.75,PUT,10500
24-Jun-2020,14:35,10394,NIFTY,
24-Jun-2020,14:35,17.9,CALL,10550
24-Jun-2020,14:35,143.55,PUT,10500
24-Jun-2020,14:36,14.4,CALL,10550
24-Jun-2020,14:36,160.15,PUT,10500
24-Jun-2020,14:36,10377.05,NIFTY,
24-Jun-2020,14:37,10370.25,NIFTY,
24-Jun-2020,14:37,167.65,PUT,10500
24-Jun-2020,14:37,12.7,CALL,10550
24-Jun-2020,14:38,10371.85,NIFTY,
24-Jun-2020,14:38,13.6,CALL,10550
24-Jun-2020,14:38,169.55,PUT,10500
24-Jun-2020,14:39,10361.2,NIFTY,
24-Jun-2020,14:39,13.15,CALL,10550
24-Jun-2020,14:39,175.5,PUT,10500
24-Jun-2020,14:40,10355.6,NIFTY,
24-Jun-2020,14:40,12.6,CALL,10550
24-Jun-2020,14:40,176.05,PUT,10500
24-Jun-2020,14:41,10358.35,NIFTY,
24-Jun-2020,14:41,13.45,CALL,10550
24-Jun-2020,14:41,170.65,PUT,10500
24-Jun-2020,14:42,10353.7,NIFTY,
24-Jun-2020,14:42,12.95,CALL,10550
24-Jun-2020,14:42,176.95,PUT,10500
24-Jun-2020,14:43,10343.7,NIFTY,
24-Jun-2020,14:43,181.2,PUT,10500
24-Jun-2020,14:43,11.6,CALL,10550
24-Jun-2020,14:44,10343.45,NIFTY,
24-Jun-2020,14:44,181.9,PUT,10500
24-Jun-2020,14:44,11.5,CALL,10550
24-Jun-2020,14:45,10352.75,NIFTY,
24-Jun-2020,14:45,11.8,CALL,10550
24-Jun-2020,14:45,175.3,PUT,10500
24-Jun-2020,14:46,10350,NIFTY,
24-Jun-2020,14:46,12.25,CALL,10550
24-Jun-2020,14:46,176.3,PUT,10500
24-Jun-2020,14:47,10348.3,NIFTY,
24-Jun-2020,14:47,12,CALL,10550
24-Jun-2020,14:47,177.6,PUT,10500
24-Jun-2020,14:48,10345.9,NIFTY,
24-Jun-2020,14:48,11.55,CALL,10550
24-Jun-2020,14:48,181.35,PUT,10500
24-Jun-2020,14:49,10337.2,NIFTY,
24-Jun-2020,14:49,11,CALL,10550
24-Jun-2020,14:49,185.9,PUT,10500
24-Jun-2020,14:50,10323.5,NIFTY,
24-Jun-2020,14:50,9.45,CALL,10550
24-Jun-2020,14:50,196.65,PUT,10500
24-Jun-2020,14:51,194.5,PUT,10500
24-Jun-2020,14:51,10329.9,NIFTY,
24-Jun-2020,14:51,10.15,CALL,10550
24-Jun-2020,14:52,10327.5,NIFTY,
24-Jun-2020,14:52,197.2,PUT,10500
24-Jun-2020,14:52,9.85,CALL,10550
24-Jun-2020,14:53,10316.55,NIFTY,
24-Jun-2020,14:53,8.8,CALL,10550
24-Jun-2020,14:53,205.8,PUT,10500
24-Jun-2020,14:54,10312.55,NIFTY,
24-Jun-2020,14:54,8.4,CALL,10550
24-Jun-2020,14:54,206.3,PUT,10500
24-Jun-2020,14:55,10317.05,NIFTY,
24-Jun-2020,14:55,8.85,CALL,10550
24-Jun-2020,14:55,200.3,PUT,10500
24-Jun-2020,14:56,10332.15,NIFTY,
24-Jun-2020,14:56,9.4,CALL,10550
24-Jun-2020,14:56,192.1,PUT,10500
24-Jun-2020,14:57,10345.05,NIFTY,
24-Jun-2020,14:57,10.6,CALL,10550
24-Jun-2020,14:57,188.8,PUT,10500
24-Jun-2020,14:58,10329.7,NIFTY,
24-Jun-2020,14:58,10.15,CALL,10550
24-Jun-2020,14:58,192.1,PUT,10500
24-Jun-2020,14:59,10325.65,NIFTY,
24-Jun-2020,14:59,9.7,CALL,10550
24-Jun-2020,14:59,197.05,PUT,10500
24-Jun-2020,15:00,10330.95,NIFTY,
24-Jun-2020,15:00,9.65,CALL,10550
24-Jun-2020,15:00,197,PUT,10500
24-Jun-2020,15:01,10338.25,NIFTY,
24-Jun-2020,15:01,10.55,CALL,10550
24-Jun-2020,15:01,190.95,PUT,10500
24-Jun-2020,15:02,10321.5,NIFTY,
24-Jun-2020,15:02,9.55,CALL,10550
24-Jun-2020,15:02,204.05,PUT,10500
24-Jun-2020,15:03,10329.6,NIFTY,
24-Jun-2020,15:03,10.25,CALL,10550
24-Jun-2020,15:03,193.6,PUT,10500
24-Jun-2020,15:04,9.95,CALL,10550
24-Jun-2020,15:04,201.05,PUT,10500
24-Jun-2020,15:04,10320.65,NIFTY,
24-Jun-2020,15:05,10314.25,NIFTY,
24-Jun-2020,15:05,9,CALL,10550
24-Jun-2020,15:05,201.85,PUT,10500
24-Jun-2020,15:06,8.95,CALL,10550
24-Jun-2020,15:06,197,PUT,10500
24-Jun-2020,15:06,10321.25,NIFTY,
24-Jun-2020,15:07,10314.95,NIFTY,
24-Jun-2020,15:07,8.75,CALL,10550
24-Jun-2020,15:07,204.1,PUT,10500
24-Jun-2020,15:08,10308.8,NIFTY,
24-Jun-2020,15:08,8.3,CALL,10550
24-Jun-2020,15:08,212,PUT,10500
24-Jun-2020,15:09,10312.85,NIFTY,
24-Jun-2020,15:09,206.5,PUT,10500
24-Jun-2020,15:09,8.4,CALL,10550
24-Jun-2020,15:10,10306.35,NIFTY,
24-Jun-2020,15:10,7.9,CALL,10550
24-Jun-2020,15:10,214,PUT,10500
24-Jun-2020,15:11,10299.25,NIFTY,
24-Jun-2020,15:11,7.55,CALL,10550
24-Jun-2020,15:11,217,PUT,10500
24-Jun-2020,15:12,10285.35,NIFTY,
24-Jun-2020,15:12,7.2,CALL,10550
24-Jun-2020,15:12,230.7,PUT,10500
24-Jun-2020,15:13,10285.85,NIFTY,
24-Jun-2020,15:13,6.75,CALL,10550
24-Jun-2020,15:13,230.5,PUT,10500
24-Jun-2020,15:14,10290.6,NIFTY,
24-Jun-2020,15:14,7,CALL,10550
24-Jun-2020,15:14,226.3,PUT,10500
24-Jun-2020,15:15,10302.25,NIFTY,
24-Jun-2020,15:15,7.4,CALL,10550
24-Jun-2020,15:15,219,PUT,10500
24-Jun-2020,15:16,10300.9,NIFTY,
24-Jun-2020,15:16,7.55,CALL,10550
24-Jun-2020,15:16,216.35,PUT,10500
