date,time,type," strikePrice",price,sma5,sma20,bb1sd,bb2sd,stochastic,combination
24-Jun-2020,09:53,NIFTY,,10529.65,,,,,,
24-Jun-2020,09:53,CALL,,55.5,,,,,,
24-Jun-2020,09:53,PUT,,73.85,,,,,,
24-Jun-2020,09:54,NIFTY,,10531.95,,,,,,
24-Jun-2020,09:54,CALL,,55.95,,,,,,
24-Jun-2020,09:54,PUT,,72.1,,,,,,
24-Jun-2020,09:55,NIFTY,,10532.45,,,,,,
24-Jun-2020,09:55,CALL,,55.85,,,,,,
24-Jun-2020,09:55,PUT,,72.65,,,,,,
24-Jun-2020,09:56,NIFTY,,10525.15,,,,,,
24-Jun-2020,09:56,CALL,,53.3,,,,,,
24-Jun-2020,09:56,PUT,,74.75,,,,,,
24-Jun-2020,09:57,NIFTY,,10528.25,,,,,,
24-Jun-2020,09:57,CALL,,54,,,,,,
24-Jun-2020,09:57,PUT,,73.75,,,,,,
24-Jun-2020,09:58,NIFTY,,10523.65,Sell,,,,,
24-Jun-2020,09:58,CALL,,52.5,,,,,,
24-Jun-2020,09:58,PUT,,76,Buy,,,,,
24-Jun-2020,09:59,NIFTY,,10526.8,,,,,,
24-Jun-2020,09:59,CALL,,53.65,,,,,,
24-Jun-2020,09:59,PUT,,74,,,,,,
24-Jun-2020,10:00,CALL,,54.35,Buy,,,,,
24-Jun-2020,10:00,PUT,,73.15,,,,,,
24-Jun-2020,10:00,NIFTY,,10526.05,,,,,,
24-Jun-2020,10:01,NIFTY,,10522.25,Sell,,,,,
24-Jun-2020,10:01,CALL,,53.95,Sell,,,,,
24-Jun-2020,10:01,PUT,,75.6,Buy,,,,,
24-Jun-2020,10:02,NIFTY,,10526.8,Buy,,,,,
24-Jun-2020,10:02,CALL,,54.05,Buy,,,,,
24-Jun-2020,10:02,PUT,,72.45,Sell,,,,,
24-Jun-2020,10:03,NIFTY,,10535.1,Buy,,,,,
24-Jun-2020,10:03,CALL,,55.75,,,,,,
24-Jun-2020,10:03,PUT,,71.1,,,,,,
24-Jun-2020,10:04,NIFTY,,10533.85,,,,,,
24-Jun-2020,10:04,CALL,,55.7,,,,,,
24-Jun-2020,10:04,PUT,,71,,,,,,
24-Jun-2020,10:05,NIFTY,,10530.15,,,,,,
24-Jun-2020,10:05,CALL,,54.9,Sell,,,,,
24-Jun-2020,10:05,PUT,,73.15,Buy,,,,,
24-Jun-2020,10:06,NIFTY,,10534.85,Buy,,,,,
24-Jun-2020,10:06,CALL,,55.6,Buy,,,,,
24-Jun-2020,10:06,PUT,,70.2,Sell,,,,,
24-Jun-2020,10:07,NIFTY,,10534.75,,,,,,
24-Jun-2020,10:07,CALL,,55.9,,,,,,
24-Jun-2020,10:07,PUT,,70.5,,,,,,
24-Jun-2020,10:08,NIFTY,,10533.9,Sell,,,,,
24-Jun-2020,10:08,CALL,,55.9,,,,,,
24-Jun-2020,10:08,PUT,,69.5,,,,,,
24-Jun-2020,10:09,NIFTY,,10532.95,Sell,,,,,
24-Jun-2020,10:09,PUT,,69.85,,,,,,
24-Jun-2020,10:09,CALL,,55.55,,,,,,
24-Jun-2020,10:10,NIFTY,,10535.65,Buy,,,,,
24-Jun-2020,10:10,PUT,,69.1,,,,,,
24-Jun-2020,10:10,CALL,,55.8,,,,,,
24-Jun-2020,10:11,NIFTY,,10532.5,Sell,,,,,
24-Jun-2020,10:11,CALL,,55.65,,,,,,
24-Jun-2020,10:11,PUT,,69.65,,,,,,
24-Jun-2020,10:12,NIFTY,,10540.2,Buy,,Buy,Buy,,
24-Jun-2020,10:12,CALL,,58,Buy,,Buy,Buy,,
24-Jun-2020,10:12,PUT,,65.65,Sell,,Sell,Sell,,
24-Jun-2020,10:13,NIFTY,,10543.75,,,Buy,Buy,,
24-Jun-2020,10:13,CALL,,63.4,,,Buy,Buy,,
24-Jun-2020,10:13,PUT,,62.9,,,Sell,Sell,,
24-Jun-2020,10:14,NIFTY,,10542.6,,,Buy,,,
24-Jun-2020,10:14,CALL,,62.95,,,Buy,Buy,,
24-Jun-2020,10:14,PUT,,62.8,,,Sell,Sell,,
24-Jun-2020,10:15,NIFTY,,10544.6,,,Buy,,,
24-Jun-2020,10:15,PUT,,62.9,,,Sell,,,
24-Jun-2020,10:15,CALL,,63,,,Buy,Buy,,
24-Jun-2020,10:16,NIFTY,,10546.65,,,Buy,,,
24-Jun-2020,10:16,CALL,,64.8,,,Buy,Buy,,
24-Jun-2020,10:16,PUT,,61.9,,,Sell,,,
24-Jun-2020,10:17,NIFTY,,10550.55,,,Buy,Buy,,
24-Jun-2020,10:17,CALL,,66.8,,,Buy,Buy,,
24-Jun-2020,10:17,PUT,,60.55,,,Sell,,,
24-Jun-2020,10:18,NIFTY,,10550.95,,,Buy,,,
24-Jun-2020,10:18,CALL,,66.7,,,Buy,,,
24-Jun-2020,10:18,PUT,,60.75,,,Sell,,,
24-Jun-2020,10:19,NIFTY,,10548.1,,,Buy,,,
24-Jun-2020,10:19,CALL,,65.2,,,Buy,,,
24-Jun-2020,10:19,PUT,,61.7,,,Sell,,,
24-Jun-2020,10:20,PUT,,61.8,,,Sell,,,
24-Jun-2020,10:20,CALL,,65.5,,,Buy,,,
24-Jun-2020,10:20,NIFTY,,10548.6,,,Buy,,,
24-Jun-2020,10:21,PUT,,62.8,Buy,,,,,
24-Jun-2020,10:21,NIFTY,,10544.2,Sell,,,,,
24-Jun-2020,10:21,CALL,,64.2,,,Buy,,,
24-Jun-2020,10:22,NIFTY,,10544.05,,,,,,
24-Jun-2020,10:22,CALL,,64.4,,,,,,
24-Jun-2020,10:22,PUT,,62.85,,,,,,
24-Jun-2020,10:23,NIFTY,,10544.85,,,,,,
24-Jun-2020,10:23,CALL,,63.35,,,,,,
24-Jun-2020,10:23,PUT,,62.6,,,,,,
24-Jun-2020,10:24,NIFTY,,10548.15,Buy,,Buy,,,
24-Jun-2020,10:24,CALL,,65.3,Buy,,,,,
24-Jun-2020,10:24,PUT,,62.4,,,,,,
24-Jun-2020,10:25,NIFTY,,10547.15,,,,,,
24-Jun-2020,10:25,PUT,,63.4,Buy,,,,,
24-Jun-2020,10:25,CALL,,64.45,,,,,,
24-Jun-2020,10:26,NIFTY,,10542.6,Sell,Sell,,,,
24-Jun-2020,10:26,CALL,,63.6,Sell,,,,,
24-Jun-2020,10:26,PUT,,64.05,,Buy,,,,
24-Jun-2020,10:27,NIFTY,,10537.8,,,,,,
24-Jun-2020,10:27,CALL,,60.8,,Sell,,,,
24-Jun-2020,10:27,PUT,,65.45,,,,,,
24-Jun-2020,10:28,NIFTY,,10541.1,,,,,,
24-Jun-2020,10:28,CALL,,62.75,,,,,,
24-Jun-2020,10:28,PUT,,64.2,,,,,,
24-Jun-2020,10:29,NIFTY,,10539.3,,,,,,
24-Jun-2020,10:29,CALL,,61,,,,,,
24-Jun-2020,10:29,PUT,,64.9,,,,,,
24-Jun-2020,10:30,NIFTY,,10539.7,,,,,,
24-Jun-2020,10:30,CALL,,62,,,,,,
24-Jun-2020,10:30,PUT,,64.05,,,,,,
24-Jun-2020,10:31,NIFTY,,10539.8,,,Sell,,,
24-Jun-2020,10:31,CALL,,61.6,,,,,,
24-Jun-2020,10:31,PUT,,65,,,Buy,,,
24-Jun-2020,10:32,NIFTY,,10542.3,Buy,,,,,
24-Jun-2020,10:32,CALL,,62.1,Buy,,,,,
24-Jun-2020,10:32,PUT,,64.15,,,Buy,,,
24-Jun-2020,10:33,NIFTY,,10540.45,,,,,,
24-Jun-2020,10:33,PUT,,65.4,Buy,,Buy,,Buy,Buy
24-Jun-2020,10:33,CALL,,61.3,Sell,,Sell,,,
24-Jun-2020,10:34,NIFTY,,10538.65,Sell,,Sell,,,
24-Jun-2020,10:34,CALL,,60,Sell,,Sell,Sell,Sell,Sell
24-Jun-2020,10:34,PUT,,66.3,,,Buy,Buy,Buy,Buy
24-Jun-2020,10:35,NIFTY,,10536.95,,,Sell,,Sell,Sell
24-Jun-2020,10:35,PUT,,67,,,Buy,Buy,Buy,Buy
24-Jun-2020,10:35,CALL,,59.2,,,Sell,,Sell,Sell
24-Jun-2020,10:36,NIFTY,,10531.65,,,Sell,Sell,Sell,Sell
24-Jun-2020,10:36,CALL,,56.45,,,Sell,Sell,Sell,Sell
24-Jun-2020,10:36,PUT,,68.3,,,Buy,Buy,Buy,Buy
24-Jun-2020,10:37,NIFTY,,10522.75,,,Sell,Sell,Sell,Sell
24-Jun-2020,10:37,CALL,,53.5,,,Sell,Sell,Sell,Sell
24-Jun-2020,10:37,PUT,,71.15,,,Buy,Buy,Buy,Buy
24-Jun-2020,10:38,CALL,,54.25,,,Sell,Sell,Sell,Sell
24-Jun-2020,10:38,PUT,,71.25,,,Buy,Buy,Buy,Buy
24-Jun-2020,10:38,NIFTY,,10524.2,,,Sell,Sell,Sell,Sell
24-Jun-2020,10:39,NIFTY,,10525,,,Sell,,Sell,Sell
24-Jun-2020,10:39,CALL,,55.25,,,Sell,,Sell,Sell
24-Jun-2020,10:39,PUT,,70.2,,,Buy,,Buy,Buy
24-Jun-2020,10:40,NIFTY,,10522.85,,,Sell,,Sell,Sell
24-Jun-2020,10:40,PUT,,72.5,Buy,,Buy,Buy,Buy,Buy
24-Jun-2020,10:40,CALL,,54.65,Sell,,Sell,,Sell,Sell
24-Jun-2020,10:41,NIFTY,,10516.8,Sell,,Sell,Sell,Sell,Sell
24-Jun-2020,10:41,CALL,,53.4,Sell,,Sell,,Sell,Sell
24-Jun-2020,10:41,PUT,,73.15,,,Buy,Buy,Buy,Buy
24-Jun-2020,10:42,CALL,,49.8,Sell,,Sell,Sell,Sell,Sell
24-Jun-2020,10:42,PUT,,77.55,,,Buy,Buy,Buy,Buy
24-Jun-2020,10:42,NIFTY,,10509.9,,,Sell,Sell,Sell,Sell
24-Jun-2020,10:43,NIFTY,,10511.75,,,Sell,,Sell,Sell
24-Jun-2020,10:43,CALL,,51.05,,,Sell,,Sell,Sell
24-Jun-2020,10:43,PUT,,76.35,,,Buy,,Buy,Buy
24-Jun-2020,10:44,NIFTY,,10514,,,Sell,,Sell,Sell
24-Jun-2020,10:44,PUT,,77.6,,,Buy,,Buy,Buy
24-Jun-2020,10:44,CALL,,51.35,,,Sell,,Sell,Sell
24-Jun-2020,10:45,NIFTY,,10513.3,,,Sell,,Sell,Sell
24-Jun-2020,10:45,CALL,,52.6,Buy,,Sell,,,
24-Jun-2020,10:45,PUT,,77.15,,,Buy,,Buy,Buy
24-Jun-2020,10:46,NIFTY,,10505,Sell,,Sell,,Sell,Sell
24-Jun-2020,10:46,CALL,,48.85,Sell,,Sell,,Sell,Sell
24-Jun-2020,10:46,PUT,,81.5,Buy,,Buy,Buy,Buy,Buy
24-Jun-2020,10:47,NIFTY,,10494.7,,,Sell,Sell,Sell,Sell
24-Jun-2020,10:47,CALL,,44.95,,,Sell,Sell,Sell,Sell
24-Jun-2020,10:47,PUT,,86.55,,,Buy,Buy,Buy,Buy
24-Jun-2020,10:48,NIFTY,,10497.65,,,Sell,,Sell,Sell
24-Jun-2020,10:48,CALL,,44.9,,,Sell,,Sell,Sell
24-Jun-2020,10:48,PUT,,83.8,,,Buy,,Buy,Buy
24-Jun-2020,10:49,NIFTY,,10492.2,,,Sell,,Sell,Sell
24-Jun-2020,10:49,CALL,,45,,,Sell,,Sell,Sell
24-Jun-2020,10:49,PUT,,86.65,,,Buy,,Buy,Buy
24-Jun-2020,10:50,CALL,,45.9,,,Sell,,Sell,Sell
24-Jun-2020,10:50,PUT,,87.25,,,Buy,,Buy,Buy
24-Jun-2020,10:50,NIFTY,,10495.75,,,Sell,,Sell,Sell
24-Jun-2020,10:51,NIFTY,,10506.1,Buy,,,,,
24-Jun-2020,10:51,CALL,,48.55,Buy,,,,,
24-Jun-2020,10:51,PUT,,81.35,Sell,,,,,
24-Jun-2020,10:52,NIFTY,,10500.4,,,,,Sell,
24-Jun-2020,10:52,CALL,,47.8,,,,,Sell,
24-Jun-2020,10:52,PUT,,83.45,,,Buy,,Buy,Buy
24-Jun-2020,10:53,NIFTY,,10492.15,Sell,,Sell,,Sell,Sell
24-Jun-2020,10:53,PUT,,87.75,Buy,,Buy,,Buy,Buy
24-Jun-2020,10:53,CALL,,45.75,Sell,,Sell,,Sell,Sell
24-Jun-2020,10:54,NIFTY,,10485.75,,,Sell,,Sell,Sell
24-Jun-2020,10:54,PUT,,90.8,,,Buy,,Buy,Buy
24-Jun-2020,10:54,CALL,,43.15,,,Sell,,Sell,Sell
24-Jun-2020,10:55,NIFTY,,10480.5,,,Sell,,Sell,Sell
24-Jun-2020,10:55,CALL,,40.45,,,Sell,Sell,Sell,Sell
24-Jun-2020,10:55,PUT,,96.15,,,Buy,Buy,Buy,Buy
24-Jun-2020,10:56,NIFTY,,10484,,,Sell,,Sell,Sell
24-Jun-2020,10:56,CALL,,43.35,,,Sell,,,
24-Jun-2020,10:56,PUT,,92,,,Buy,,Buy,Buy
24-Jun-2020,10:57,NIFTY,,10487.55,Buy,,Sell,,Sell,Sell
24-Jun-2020,10:57,CALL,,43.5,,,Sell,,,
24-Jun-2020,10:57,PUT,,92.7,,,Buy,,Buy,Buy
24-Jun-2020,10:58,NIFTY,,10471.9,Sell,,Sell,Sell,Sell,Sell
24-Jun-2020,10:58,CALL,,41.15,Sell,,Sell,,Sell,Sell
24-Jun-2020,10:58,PUT,,101.4,Buy,,Buy,Buy,Buy,Buy
24-Jun-2020,10:59,NIFTY,,10461.55,,,Sell,Sell,Sell,Sell
24-Jun-2020,10:59,CALL,,36.9,Sell,,Sell,Sell,Sell,Sell
24-Jun-2020,10:59,PUT,,104.45,,,Buy,Buy,Buy,Buy
24-Jun-2020,11:00,CALL,,32.65,,,Sell,Sell,Sell,Sell
24-Jun-2020,11:00,PUT,,105.55,,,Buy,Buy,Buy,Buy
24-Jun-2020,11:00,NIFTY,,10456.9,,,Sell,Sell,Sell,Sell
24-Jun-2020,11:01,NIFTY,,10458.2,,,Sell,,Sell,Sell
24-Jun-2020,11:01,CALL,,33.3,,,Sell,Sell,Sell,Sell
24-Jun-2020,11:01,PUT,,106.45,,,Buy,,Buy,Buy
24-Jun-2020,11:02,NIFTY,,10466.5,Buy,,Sell,,Sell,Sell
24-Jun-2020,11:02,PUT,,103.85,Sell,,Buy,,Buy,Buy
24-Jun-2020,11:02,CALL,,34.95,,,Sell,,Sell,Sell
24-Jun-2020,11:03,NIFTY,,10476.1,,,,,,
24-Jun-2020,11:03,PUT,,100.4,,,,,,
24-Jun-2020,11:03,CALL,,37.4,Buy,,Sell,,,
24-Jun-2020,11:04,NIFTY,,10482.5,,,,,,
24-Jun-2020,11:04,CALL,,39.25,,,,,,
24-Jun-2020,11:04,PUT,,95.55,,,,,,
24-Jun-2020,11:05,NIFTY,,10477.2,,,,,,
24-Jun-2020,11:05,CALL,,39,,,,,,
24-Jun-2020,11:05,PUT,,96.15,,,,,,
24-Jun-2020,11:06,NIFTY,,10472.65,Sell,,,,,
24-Jun-2020,11:06,CALL,,37.5,Sell,,,,,
24-Jun-2020,11:06,PUT,,98.45,,,,,,
24-Jun-2020,11:07,NIFTY,,10467.25,,,,,,
24-Jun-2020,11:07,CALL,,37.1,,,,,,
24-Jun-2020,11:07,PUT,,103.1,Buy,,Buy,,,
24-Jun-2020,11:08,NIFTY,,10483.9,Buy,Buy,,,,
24-Jun-2020,11:08,CALL,,40,Buy,,,,,
24-Jun-2020,11:08,PUT,,94,Sell,Sell,,,,
24-Jun-2020,11:09,NIFTY,,10490.9,,,,,,
24-Jun-2020,11:09,CALL,,41.45,,,,,,
24-Jun-2020,11:09,PUT,,91.75,,,,,,
24-Jun-2020,11:10,NIFTY,,10490.95,,,,,,
24-Jun-2020,11:10,CALL,,42.1,,,,,,
24-Jun-2020,11:10,PUT,,90.3,,,,,,
24-Jun-2020,11:11,NIFTY,,10491,,,Buy,,,
24-Jun-2020,11:11,CALL,,41.7,,,,,,
24-Jun-2020,11:11,PUT,,91.8,,,,,,
24-Jun-2020,11:12,NIFTY,,10483.9,Sell,,,,,
24-Jun-2020,11:12,CALL,,39.95,Sell,Sell,,,,
24-Jun-2020,11:12,PUT,,95.1,Buy,,,,,
24-Jun-2020,11:13,NIFTY,,10484.4,,,,,,
24-Jun-2020,11:13,CALL,,39.4,,,,,,
24-Jun-2020,11:13,PUT,,95.2,,,,,,
24-Jun-2020,11:14,CALL,,38.2,,Sell,,,,
24-Jun-2020,11:14,PUT,,98,,,,,,
24-Jun-2020,11:14,NIFTY,,10479.95,,,,,,
24-Jun-2020,11:15,NIFTY,,10471.2,,Sell,,,,
24-Jun-2020,11:15,CALL,,36.6,,,,,,
24-Jun-2020,11:15,PUT,,102.65,,,,,,
24-Jun-2020,11:16,NIFTY,,10476.4,,,,,,
24-Jun-2020,11:16,CALL,,38.45,,,,,,
24-Jun-2020,11:16,PUT,,98.7,,,,,,
24-Jun-2020,11:17,NIFTY,,10473.6,,Sell,,,,
24-Jun-2020,11:17,CALL,,37.65,Sell,Sell,,,,
24-Jun-2020,11:17,PUT,,103.15,Buy,Buy,,,,
24-Jun-2020,11:18,NIFTY,,10474.45,,,,,,
24-Jun-2020,11:18,CALL,,37.3,,,,,,
24-Jun-2020,11:18,PUT,,101.95,,,,,,
24-Jun-2020,11:19,NIFTY,,10474.75,,,,,,
24-Jun-2020,11:19,CALL,,38,,,,,,
24-Jun-2020,11:19,PUT,,101.9,,,,,,
24-Jun-2020,11:20,NIFTY,,10479.7,Buy,Buy,,,,
24-Jun-2020,11:20,CALL,,38.55,,,,,,
24-Jun-2020,11:20,PUT,,97.35,Sell,Sell,,,,
24-Jun-2020,11:21,NIFTY,,10487.1,,,Buy,,,
24-Jun-2020,11:21,CALL,,40.1,,Buy,Buy,,,
24-Jun-2020,11:21,PUT,,94.25,,,,,,
24-Jun-2020,11:22,NIFTY,,10483.15,,,,,,
24-Jun-2020,11:22,CALL,,39.6,,,,,,
24-Jun-2020,11:22,PUT,,94.95,,,,,,
24-Jun-2020,11:23,NIFTY,,10482.1,,,,,,
24-Jun-2020,11:23,CALL,,39.7,,,,,,
24-Jun-2020,11:23,PUT,,96.8,,,,,,
24-Jun-2020,11:24,NIFTY,,10479.85,Sell,Sell,,,,
24-Jun-2020,11:24,CALL,,38.35,Sell,Sell,,,,
24-Jun-2020,11:24,PUT,,99,,Buy,,,,
24-Jun-2020,11:25,NIFTY,,10480.75,,Buy,,,,
24-Jun-2020,11:25,CALL,,39.55,Buy,Buy,,,,
24-Jun-2020,11:25,PUT,,98.9,,,,,,
24-Jun-2020,11:26,NIFTY,,10471.95,Sell,Sell,Sell,,,
24-Jun-2020,11:26,CALL,,36.1,Sell,Sell,Sell,,,
24-Jun-2020,11:26,PUT,,103.35,Buy,,Buy,,,
24-Jun-2020,11:27,NIFTY,,10481.8,Buy,Buy,,,,
24-Jun-2020,11:27,PUT,,98.45,Sell,,,,,
24-Jun-2020,11:27,CALL,,38.8,,,,,,
24-Jun-2020,11:29,NIFTY,,10480.85,,Sell,,,,
24-Jun-2020,11:29,CALL,,38.05,,,,,,
24-Jun-2020,11:29,PUT,,100.55,Buy,,,,,
24-Jun-2020,11:30,NIFTY,,10477.55,Sell,Sell,,,,
24-Jun-2020,11:30,CALL,,37.8,Sell,,,,,
24-Jun-2020,11:30,PUT,,99.7,Sell,,,,,
24-Jun-2020,11:31,NIFTY,,10473.05,Sell,,Sell,,,
24-Jun-2020,11:31,CALL,,37.85,,,,,,
24-Jun-2020,11:31,PUT,,102,Buy,,Buy,,,
24-Jun-2020,11:32,NIFTY,,10476.45,,,,,,
24-Jun-2020,11:32,CALL,,37.9,,,,,,
24-Jun-2020,11:32,PUT,,101,,,,,,
24-Jun-2020,11:33,NIFTY,,10464.9,Sell,,Sell,Sell,Sell,Sell
24-Jun-2020,11:33,CALL,,35.5,Sell,,Sell,Sell,,
24-Jun-2020,11:33,PUT,,106.5,Buy,,Buy,Buy,Buy,Buy
24-Jun-2020,11:34,NIFTY,,10457.1,,,Sell,Sell,Sell,Sell
24-Jun-2020,11:34,CALL,,32.4,,,Sell,Sell,Sell,Sell
24-Jun-2020,11:34,PUT,,111.5,,,Buy,Buy,Buy,Buy
24-Jun-2020,11:35,NIFTY,,10455.8,,,Sell,Sell,Sell,Sell
24-Jun-2020,11:35,CALL,,32.5,,,Sell,Sell,Sell,Sell
24-Jun-2020,11:35,PUT,,110.95,,,Buy,Buy,Buy,Buy
24-Jun-2020,11:36,NIFTY,,10450.5,,,Sell,Sell,Sell,Sell
24-Jun-2020,11:36,CALL,,31.85,,,Sell,Sell,Sell,Sell
24-Jun-2020,11:36,PUT,,114.3,,,Buy,Buy,Buy,Buy
24-Jun-2020,11:37,NIFTY,,10449.1,,,Sell,Sell,Sell,Sell
24-Jun-2020,11:37,CALL,,30,,,Sell,Sell,Sell,Sell
24-Jun-2020,11:37,PUT,,113.55,,,Buy,,Buy,Buy
24-Jun-2020,11:38,NIFTY,,10450.1,,,Sell,,Sell,Sell
24-Jun-2020,11:38,CALL,,31.8,,,Sell,,Sell,Sell
24-Jun-2020,11:38,PUT,,111.35,Sell,,Buy,,Buy,Buy
24-Jun-2020,11:39,NIFTY,,10461.4,Buy,,,,,
24-Jun-2020,11:39,CALL,,32.8,Buy,,Sell,,,
24-Jun-2020,11:39,PUT,,107.95,,,,,,
24-Jun-2020,11:40,NIFTY,,10451.6,Sell,,Sell,,Sell,Sell
24-Jun-2020,11:40,PUT,,113.25,Buy,,Buy,,Buy,Buy
24-Jun-2020,11:40,CALL,,31.95,Sell,,Sell,,,
24-Jun-2020,11:41,NIFTY,,10447.1,,,Sell,,Sell,Sell
24-Jun-2020,11:41,CALL,,30.55,Sell,,Sell,,Sell,Sell
24-Jun-2020,11:41,PUT,,113.8,,,Buy,,Buy,Buy
24-Jun-2020,11:42,NIFTY,,10444.25,,,Sell,,Sell,Sell
24-Jun-2020,11:42,CALL,,30.6,,,Sell,,Sell,Sell
24-Jun-2020,11:42,PUT,,117.85,,,Buy,,Buy,Buy
24-Jun-2020,11:43,NIFTY,,10445.9,,,Sell,,Sell,Sell
24-Jun-2020,11:43,CALL,,30.75,,,Sell,,Sell,Sell
24-Jun-2020,11:43,PUT,,113.4,,,Buy,,,
24-Jun-2020,11:44,CALL,,29.2,,,Sell,,Sell,Sell
24-Jun-2020,11:44,PUT,,117,Buy,,Buy,,Buy,Buy
24-Jun-2020,11:44,NIFTY,,10441.6,,,Sell,,Sell,Sell
24-Jun-2020,11:45,NIFTY,,10443.15,,,Sell,,Sell,Sell
24-Jun-2020,11:45,CALL,,30.45,Buy,,,,Sell,
24-Jun-2020,11:45,PUT,,115.35,,,Buy,,Buy,Buy
24-Jun-2020,11:46,NIFTY,,10447.7,Buy,,,,Sell,
24-Jun-2020,11:46,CALL,,31.3,,,,,,
24-Jun-2020,11:46,PUT,,113.7,Sell,,,,,
24-Jun-2020,11:47,NIFTY,,10456.2,,,,,,
24-Jun-2020,11:47,CALL,,32.85,,,,,,
24-Jun-2020,11:47,PUT,,109.2,,Sell,,,,
24-Jun-2020,11:48,NIFTY,,10461.1,,Buy,,,,
24-Jun-2020,11:48,CALL,,34.15,,Buy,,,,
24-Jun-2020,11:48,PUT,,106.55,,,,,,
24-Jun-2020,11:49,NIFTY,,10460.5,,,,,,
24-Jun-2020,11:49,CALL,,33.6,,,,,,
24-Jun-2020,11:49,PUT,,108.35,,,,,,
24-Jun-2020,11:50,NIFTY,,10456.85,,,,,,
24-Jun-2020,11:50,CALL,,33.2,,,,,,
24-Jun-2020,11:50,PUT,,109.55,Buy,,,,,
24-Jun-2020,11:51,NIFTY,,10462.9,Buy,,,,,
24-Jun-2020,11:51,CALL,,34.5,Buy,,Buy,,,
24-Jun-2020,11:51,PUT,,105.05,Sell,,Sell,,,
24-Jun-2020,11:52,NIFTY,,10466.75,,,Buy,,,
24-Jun-2020,11:52,CALL,,35.05,,,Buy,,,
24-Jun-2020,11:52,PUT,,104.8,,,Sell,,,
24-Jun-2020,11:53,NIFTY,,10462.2,,,Buy,,Buy,Buy
24-Jun-2020,11:53,CALL,,34.7,,,Buy,,Buy,Buy
24-Jun-2020,11:53,PUT,,105.45,,,Sell,,Sell,Sell
24-Jun-2020,11:54,NIFTY,,10457.75,Sell,,,,,
24-Jun-2020,11:54,PUT,,108.6,Buy,,,,,
24-Jun-2020,11:54,CALL,,33.4,Sell,,,,,
24-Jun-2020,11:55,PUT,,114.6,,Buy,,,,
24-Jun-2020,11:55,NIFTY,,10450.35,,Sell,,,,
24-Jun-2020,11:55,CALL,,30.85,,Sell,Sell,,,
24-Jun-2020,11:56,NIFTY,,10455.5,,Buy,,,,
24-Jun-2020,11:56,CALL,,32,,,,,,
24-Jun-2020,11:56,PUT,,112.8,,,,,,
24-Jun-2020,11:57,NIFTY,,10450.6,Sell,Sell,,,,
24-Jun-2020,11:57,CALL,,30.9,,,Sell,,,
24-Jun-2020,11:57,PUT,,112.2,,,,,,
24-Jun-2020,11:58,NIFTY,,10456.6,Buy,Buy,,,,
24-Jun-2020,11:58,CALL,,32.05,Buy,Buy,,,,
24-Jun-2020,11:58,PUT,,109.8,Sell,Sell,,,,
24-Jun-2020,11:59,NIFTY,,10456.7,,,,,,
24-Jun-2020,11:59,CALL,,32.7,,,,,,
24-Jun-2020,11:59,PUT,,108.25,,,,,,
24-Jun-2020,12:00,NIFTY,,10455.85,,,,,,
24-Jun-2020,12:00,CALL,,32.6,,,,,,
24-Jun-2020,12:00,PUT,,109.5,,,,,,
24-Jun-2020,12:01,NIFTY,,10460.8,Buy,,,,,
24-Jun-2020,12:01,CALL,,33.7,,,,,,
24-Jun-2020,12:01,PUT,,106.05,Sell,,Sell,,,
24-Jun-2020,12:02,NIFTY,,10461.95,,,,,,
24-Jun-2020,12:02,CALL,,33.8,,,,,,
24-Jun-2020,12:02,PUT,,106.1,,,,,Sell,
24-Jun-2020,12:03,NIFTY,,10458.8,Sell,,,,,
24-Jun-2020,12:03,CALL,,33,,,,,,
24-Jun-2020,12:03,PUT,,107.95,,,,,,
24-Jun-2020,12:04,CALL,,33.75,,,,,,
24-Jun-2020,12:04,PUT,,105.25,Sell,,Sell,,Sell,Sell
24-Jun-2020,12:04,NIFTY,,10460.35,Buy,,,,,
24-Jun-2020,12:05,CALL,,32.3,Sell,Sell,,,,
24-Jun-2020,12:05,PUT,,108.2,Buy,,,,,
24-Jun-2020,12:05,NIFTY,,10457.85,Sell,Sell,,,,
24-Jun-2020,12:06,NIFTY,,10466.1,Buy,Buy,Buy,,,
24-Jun-2020,12:06,CALL,,33.6,Buy,Buy,,,,
24-Jun-2020,12:06,PUT,,105.35,Sell,Sell,Sell,,Sell,Sell
24-Jun-2020,12:07,NIFTY,,10464.25,,,Buy,,,
24-Jun-2020,12:07,CALL,,33.65,,,,,,
24-Jun-2020,12:07,PUT,,104.65,,,Sell,,Sell,Sell
24-Jun-2020,12:08,NIFTY,,10468.75,,,Buy,,Buy,Buy
24-Jun-2020,12:08,CALL,,34.2,Buy,,Buy,,,
24-Jun-2020,12:08,PUT,,103.4,,,Sell,,Sell,Sell
24-Jun-2020,12:09,CALL,,37.65,,,Buy,Buy,Buy,Buy
24-Jun-2020,12:09,PUT,,94.5,Sell,,Sell,Sell,Sell,Sell
24-Jun-2020,12:09,NIFTY,,10473.75,,,Buy,Buy,Buy,Buy
24-Jun-2020,12:10,NIFTY,,10477.65,,,Buy,Buy,Buy,Buy
24-Jun-2020,12:10,CALL,,39.3,,,Buy,Buy,Buy,Buy
24-Jun-2020,12:10,PUT,,91.65,,,Sell,Sell,Sell,Sell
24-Jun-2020,12:11,CALL,,38.45,,,Buy,Buy,Buy,Buy
24-Jun-2020,12:11,PUT,,95.45,,,Sell,,Sell,Sell
24-Jun-2020,12:11,NIFTY,,10475.5,,,Buy,,Buy,Buy
24-Jun-2020,12:12,NIFTY,,10485.1,Buy,,Buy,Buy,Buy,Buy
24-Jun-2020,12:12,CALL,,40.55,,,Buy,Buy,Buy,Buy
24-Jun-2020,12:12,PUT,,90.95,Sell,,Sell,Sell,Sell,Sell
24-Jun-2020,12:13,NIFTY,,10480,,,Buy,,Buy,Buy
24-Jun-2020,12:13,CALL,,39.95,,,Buy,,Buy,Buy
24-Jun-2020,12:13,PUT,,92.65,,,Sell,,Sell,Sell
24-Jun-2020,12:14,NIFTY,,10480.75,,,Buy,,Buy,Buy
24-Jun-2020,12:14,CALL,,39.8,,,Buy,,Buy,Buy
24-Jun-2020,12:14,PUT,,93.25,Buy,,Sell,,Sell,Sell
24-Jun-2020,12:15,CALL,,38.85,,,Buy,,Buy,Buy
24-Jun-2020,12:15,PUT,,93.85,,,Sell,,Sell,Sell
24-Jun-2020,12:15,NIFTY,,10478.95,Sell,,Buy,,Buy,Buy
24-Jun-2020,12:16,CALL,,39.85,,,Buy,,Buy,Buy
24-Jun-2020,12:16,PUT,,91.95,Sell,,Sell,,Sell,Sell
24-Jun-2020,12:16,NIFTY,,10481.5,Buy,,Buy,,Buy,Buy
24-Jun-2020,12:17,NIFTY,,10486.15,,,Buy,,Buy,Buy
24-Jun-2020,12:17,CALL,,40.25,Buy,,Buy,,Buy,Buy
24-Jun-2020,12:17,PUT,,88,,,Sell,,Sell,Sell
24-Jun-2020,12:18,NIFTY,,10497.55,,,Buy,Buy,Buy,Buy
24-Jun-2020,12:18,CALL,,44.35,Buy,,Buy,Buy,Buy,Buy
24-Jun-2020,12:18,PUT,,81.85,,,Sell,Sell,Sell,Sell
24-Jun-2020,12:19,NIFTY,,10494.1,,,Buy,,Buy,Buy
24-Jun-2020,12:19,CALL,,43.65,,,Buy,,Buy,Buy
24-Jun-2020,12:19,PUT,,83.65,,,Sell,,Sell,Sell
24-Jun-2020,12:20,NIFTY,,10509.5,,,Buy,Buy,Buy,Buy
24-Jun-2020,12:20,CALL,,47.9,,,Buy,Buy,Buy,Buy
24-Jun-2020,12:20,PUT,,74.45,,,Sell,Sell,Sell,Sell
24-Jun-2020,12:21,NIFTY,,10504.9,,,Buy,,Buy,Buy
24-Jun-2020,12:21,CALL,,47,,,Buy,,Buy,Buy
24-Jun-2020,12:21,PUT,,77.4,,,Sell,,Sell,Sell
24-Jun-2020,12:22,NIFTY,,10514.95,,,Buy,Buy,Buy,Buy
24-Jun-2020,12:22,PUT,,73.05,,,Sell,,Sell,Sell
24-Jun-2020,12:22,CALL,,51.2,,,Buy,Buy,Buy,Buy
24-Jun-2020,12:23,NIFTY,,10522.25,,,Buy,Buy,Buy,Buy
24-Jun-2020,12:23,PUT,,67.95,,,Sell,Sell,Sell,Sell
24-Jun-2020,12:23,CALL,,52.3,,,Buy,Buy,Buy,Buy
24-Jun-2020,12:24,NIFTY,,10512.4,Sell,,Buy,,Buy,Buy
24-Jun-2020,12:24,CALL,,49.8,Sell,,Buy,,Buy,Buy
24-Jun-2020,12:24,PUT,,71.15,,,Sell,,Sell,Sell
24-Jun-2020,12:25,NIFTY,,10524.3,Buy,,Buy,,Buy,Buy
24-Jun-2020,12:25,CALL,,51.85,Buy,,Buy,,Buy,Buy
24-Jun-2020,12:25,PUT,,67.4,Sell,,Sell,,Sell,Sell
24-Jun-2020,12:26,NIFTY,,10520.55,,,Buy,,Buy,Buy
24-Jun-2020,12:26,PUT,,69.1,,,Sell,,Sell,Sell
24-Jun-2020,12:26,CALL,,50.35,Sell,,Buy,,Buy,Buy
24-Jun-2020,12:27,NIFTY,,10510.85,Sell,,,,,
24-Jun-2020,12:27,CALL,,47.6,Sell,,,,,
24-Jun-2020,12:27,PUT,,70.65,,,Sell,,Sell,Sell
24-Jun-2020,12:28,NIFTY,,10509.95,,,,,,
24-Jun-2020,12:28,CALL,,48.1,,,,,,
24-Jun-2020,12:28,PUT,,72.7,,,,,Sell,
24-Jun-2020,12:29,NIFTY,,10514.9,,,,,,
24-Jun-2020,12:29,CALL,,48.75,,,,,,
24-Jun-2020,12:29,PUT,,70.95,,,Sell,,Sell,Sell
24-Jun-2020,12:30,NIFTY,,10518.95,Buy,,Buy,,Buy,Buy
24-Jun-2020,12:30,CALL,,49.5,Buy,,,,,
24-Jun-2020,12:30,PUT,,68.85,Sell,,Sell,,Sell,Sell
24-Jun-2020,12:31,NIFTY,,10508,Sell,,,,,
24-Jun-2020,12:31,CALL,,46.7,Sell,,,,,
24-Jun-2020,12:31,PUT,,73.05,Buy,,,,,
24-Jun-2020,12:32,NIFTY,,10503.4,,Sell,,,,
24-Jun-2020,12:32,CALL,,45.05,,Sell,,,,
24-Jun-2020,12:32,PUT,,74.7,,,,,,
24-Jun-2020,12:33,NIFTY,,10510.1,,Buy,,,,
24-Jun-2020,12:33,PUT,,73.25,,,,,,
24-Jun-2020,12:33,CALL,,45,,,,,,
24-Jun-2020,12:34,CALL,,45.7,,,,,,
24-Jun-2020,12:34,PUT,,75.95,,,,,,
24-Jun-2020,12:34,NIFTY,,10506.25,Sell,,,,,
24-Jun-2020,12:35,CALL,,43.9,Sell,,Sell,,,
24-Jun-2020,12:35,PUT,,77.5,,,,,,
24-Jun-2020,12:35,NIFTY,,10498.5,Sell,,,,,
24-Jun-2020,12:36,NIFTY,,10513.05,Buy,Buy,,,,
24-Jun-2020,12:36,CALL,,47.8,Buy,Buy,,,,
24-Jun-2020,12:36,PUT,,70.35,Sell,Sell,,,,
24-Jun-2020,12:37,NIFTY,,10516.6,,,,,,
24-Jun-2020,12:37,CALL,,49.15,,Buy,,,,
24-Jun-2020,12:37,PUT,,69.4,,,,,,
24-Jun-2020,12:38,NIFTY,,10518.05,,,,,,
24-Jun-2020,12:38,CALL,,50.15,,,,,,
24-Jun-2020,12:38,PUT,,68.9,,,Sell,,Sell,Sell
24-Jun-2020,12:39,CALL,,51,,,Buy,,,
24-Jun-2020,12:39,PUT,,68.95,,,Sell,,Sell,Sell
24-Jun-2020,12:39,NIFTY,,10520.25,,,Buy,,,
24-Jun-2020,12:40,NIFTY,,10524.25,,,Buy,,Buy,Buy
24-Jun-2020,12:40,CALL,,51.65,,,Buy,,Buy,Buy
24-Jun-2020,12:40,PUT,,67.4,,,Sell,,Sell,Sell
24-Jun-2020,12:41,NIFTY,,10524.3,,,Buy,,Buy,Buy
24-Jun-2020,12:41,CALL,,51.85,,,Buy,,Buy,Buy
24-Jun-2020,12:41,PUT,,67.05,,,Sell,,Sell,Sell
24-Jun-2020,12:42,CALL,,51,,,Buy,,Buy,Buy
24-Jun-2020,12:42,PUT,,70.15,Buy,,,,,
24-Jun-2020,12:42,NIFTY,,10523.05,,,Buy,,Buy,Buy
24-Jun-2020,12:43,CALL,,50.65,,,,,Buy,
24-Jun-2020,12:43,PUT,,70.05,,,,,,
24-Jun-2020,12:43,NIFTY,,10519.65,Sell,,,,Buy,
24-Jun-2020,12:44,NIFTY,,10521.4,,,,,Buy,
24-Jun-2020,12:44,CALL,,51,,,Buy,,Buy,Buy
24-Jun-2020,12:44,PUT,,69.4,,,,,,
24-Jun-2020,12:45,NIFTY,,10515.4,Sell,,,,,
24-Jun-2020,12:45,CALL,,49.3,,,,,,
24-Jun-2020,12:45,PUT,,70.35,,,,,,
24-Jun-2020,12:46,NIFTY,,10524.65,Buy,,Buy,,Buy,Buy
24-Jun-2020,12:46,CALL,,51.25,Buy,,Buy,,Buy,Buy
24-Jun-2020,12:46,PUT,,68,Sell,,Sell,,,
24-Jun-2020,12:47,NIFTY,,10531.2,,,Buy,,Buy,Buy
24-Jun-2020,12:47,CALL,,53.7,,,Buy,,Buy,Buy
24-Jun-2020,12:47,PUT,,65.95,,,Sell,,Sell,Sell
24-Jun-2020,12:48,NIFTY,,10527.65,,,Buy,,Buy,Buy
24-Jun-2020,12:48,CALL,,51.95,,,,,Buy,
24-Jun-2020,12:48,PUT,,66.8,,,Sell,,Sell,Sell
24-Jun-2020,12:49,NIFTY,,10528.6,,,Buy,,Buy,Buy
24-Jun-2020,12:49,CALL,,52.95,Buy,,Buy,,Buy,Buy
24-Jun-2020,12:49,PUT,,66.8,,,Sell,,Sell,Sell
24-Jun-2020,12:50,NIFTY,,10527.45,Sell,,Buy,,Buy,Buy
24-Jun-2020,12:50,CALL,,55,Buy,,Buy,,Buy,Buy
24-Jun-2020,12:50,PUT,,66,,,Sell,,Sell,Sell
24-Jun-2020,12:51,NIFTY,,10535.4,Buy,,Buy,,Buy,Buy
24-Jun-2020,12:51,CALL,,56,,,Buy,,Buy,Buy
24-Jun-2020,12:51,PUT,,64.3,,,Sell,,Sell,Sell
24-Jun-2020,12:52,NIFTY,,10534.2,,,Buy,,Buy,Buy
24-Jun-2020,12:52,CALL,,56.9,,,Buy,,Buy,Buy
24-Jun-2020,12:52,PUT,,66.1,Buy,,,,Sell,
24-Jun-2020,12:53,CALL,,57.25,,,Buy,,Buy,Buy
24-Jun-2020,12:53,PUT,,63.4,Sell,,Sell,,Sell,Sell
24-Jun-2020,12:53,NIFTY,,10533.05,,,Buy,,Buy,Buy
24-Jun-2020,12:54,NIFTY,,10527.3,Sell,,,,,
24-Jun-2020,12:54,CALL,,54.55,Sell,,,,,
24-Jun-2020,12:54,PUT,,66.9,Buy,,,,,
24-Jun-2020,12:55,NIFTY,,10526.6,,,,,,
24-Jun-2020,12:55,CALL,,54.25,,,,,,
24-Jun-2020,12:55,PUT,,67,,,,,,
24-Jun-2020,12:56,NIFTY,,10531.7,Buy,,Buy,,,
24-Jun-2020,12:56,CALL,,55.2,,,Buy,,,
24-Jun-2020,12:56,PUT,,65.35,Sell,,Sell,,,
24-Jun-2020,12:57,NIFTY,,10525.55,Sell,Sell,,,,
24-Jun-2020,12:57,CALL,,54.85,Sell,,,,,
24-Jun-2020,12:57,PUT,,67.5,Buy,Buy,,,,
24-Jun-2020,12:58,NIFTY,,10525.85,,,,,,
24-Jun-2020,12:58,PUT,,66.4,Sell,Sell,,,,
24-Jun-2020,12:58,CALL,,55.1,Buy,,,,,
24-Jun-2020,12:59,NIFTY,,10522.35,,,,,,
24-Jun-2020,12:59,CALL,,54.15,Sell,,,,,
24-Jun-2020,12:59,PUT,,67.3,Buy,Buy,,,,
24-Jun-2020,13:00,NIFTY,,10514.1,,,Sell,Sell,,
24-Jun-2020,13:00,CALL,,53,Sell,,,,,
24-Jun-2020,13:00,PUT,,70,,,Buy,,,
24-Jun-2020,13:01,NIFTY,,10507.1,,,Sell,Sell,Sell,Sell
24-Jun-2020,13:01,CALL,,50.2,,,Sell,,,
24-Jun-2020,13:01,PUT,,72.55,,,Buy,Buy,Buy,Buy
24-Jun-2020,13:02,NIFTY,,10503.95,,,Sell,Sell,Sell,Sell
24-Jun-2020,13:02,CALL,,48.35,,,Sell,,Sell,Sell
24-Jun-2020,13:02,PUT,,73.5,,,Buy,Buy,Buy,Buy
24-Jun-2020,13:03,NIFTY,,10505.7,,,Sell,,Sell,Sell
24-Jun-2020,13:03,CALL,,47.7,,,Sell,Sell,Sell,Sell
24-Jun-2020,13:03,PUT,,74.55,,,Buy,Buy,Buy,Buy
24-Jun-2020,13:04,NIFTY,,10495.75,Sell,,Sell,Sell,Sell,Sell
24-Jun-2020,13:04,PUT,,76.9,,,Buy,Buy,Buy,Buy
24-Jun-2020,13:04,CALL,,44.9,,,Sell,Sell,Sell,Sell
24-Jun-2020,13:05,NIFTY,,10503,,,Sell,,Sell,Sell
24-Jun-2020,13:05,CALL,,46.4,,,Sell,,Sell,Sell
24-Jun-2020,13:05,PUT,,75.9,,,Buy,,Buy,Buy
24-Jun-2020,13:06,NIFTY,,10512.35,Buy,,,,,
24-Jun-2020,13:06,CALL,,48.5,Buy,,Sell,,,
24-Jun-2020,13:06,PUT,,72.75,Sell,,,,,
24-Jun-2020,13:07,NIFTY,,10516.3,,,,,,
24-Jun-2020,13:07,CALL,,50.85,,,,,,
24-Jun-2020,13:07,PUT,,72.4,,,,,,
24-Jun-2020,13:08,NIFTY,,10510.35,,,,,,
24-Jun-2020,13:08,CALL,,47.8,Sell,,Sell,,,
24-Jun-2020,13:08,PUT,,74.95,,,Buy,,,
24-Jun-2020,13:09,NIFTY,,10508.55,Sell,,,,,
24-Jun-2020,13:09,CALL,,46.15,,,Sell,,,
24-Jun-2020,13:09,PUT,,77.55,Buy,,Buy,,Buy,Buy
24-Jun-2020,13:10,NIFTY,,10495.6,,,Sell,,,
24-Jun-2020,13:10,CALL,,42.6,,,Sell,Sell,Sell,Sell
24-Jun-2020,13:10,PUT,,81.65,,,Buy,Buy,Buy,Buy
24-Jun-2020,13:11,NIFTY,,10475.55,,,Sell,Sell,Sell,Sell
24-Jun-2020,13:11,CALL,,37.9,,,Sell,Sell,Sell,Sell
24-Jun-2020,13:11,PUT,,94.9,,,Buy,Buy,Buy,Buy
24-Jun-2020,13:12,NIFTY,,10462.15,,,Sell,Sell,Sell,Sell
24-Jun-2020,13:12,CALL,,34.25,,,Sell,Sell,Sell,Sell
24-Jun-2020,13:12,PUT,,101.95,,,Buy,Buy,Buy,Buy
24-Jun-2020,13:13,NIFTY,,10468.1,,,Sell,Sell,Sell,Sell
24-Jun-2020,13:13,CALL,,35,,,Sell,Sell,Sell,Sell
24-Jun-2020,13:13,PUT,,97.75,,,Buy,Buy,Buy,Buy
24-Jun-2020,13:14,NIFTY,,10454.05,,,Sell,Sell,Sell,Sell
24-Jun-2020,13:14,PUT,,105.95,,,Buy,Buy,Buy,Buy
24-Jun-2020,13:14,CALL,,32.4,,,Sell,Sell,Sell,Sell
24-Jun-2020,13:15,NIFTY,,10448.4,,,Sell,Sell,Sell,Sell
24-Jun-2020,13:15,CALL,,32.2,,,Sell,,Sell,Sell
24-Jun-2020,13:15,PUT,,112.8,,,Buy,Buy,Buy,Buy
24-Jun-2020,13:16,NIFTY,,10436.85,,,Sell,Sell,Sell,Sell
24-Jun-2020,13:16,CALL,,29.55,,,Sell,,Sell,Sell
24-Jun-2020,13:16,PUT,,122,,,Buy,Buy,Buy,Buy
24-Jun-2020,13:17,NIFTY,,10444.35,,,Sell,,Sell,Sell
24-Jun-2020,13:17,CALL,,31,,,Sell,,Sell,Sell
24-Jun-2020,13:17,PUT,,121.25,,,Buy,Buy,Buy,Buy
24-Jun-2020,13:18,CALL,,33.35,Buy,,Sell,,Sell,Sell
24-Jun-2020,13:18,NIFTY,,10457.85,Buy,,Sell,,,
24-Jun-2020,13:18,PUT,,115.65,Sell,,Buy,,Buy,Buy
24-Jun-2020,13:19,NIFTY,,10453.7,,,Sell,,,
24-Jun-2020,13:19,CALL,,33.55,,,Sell,,Sell,Sell
24-Jun-2020,13:19,PUT,,116.3,,,Buy,,Buy,Buy
24-Jun-2020,13:20,NIFTY,,10452.45,,,Sell,,,
24-Jun-2020,13:20,CALL,,34.35,,,,,,
24-Jun-2020,13:20,PUT,,117.85,,,Buy,,Buy,Buy
24-Jun-2020,13:21,NIFTY,,10445.5,Sell,,Sell,,Sell,Sell
24-Jun-2020,13:21,CALL,,30.95,Sell,,Sell,,Sell,Sell
24-Jun-2020,13:21,PUT,,122.15,Buy,,Buy,,Buy,Buy
24-Jun-2020,13:22,NIFTY,,10443.85,,,Sell,,Sell,Sell
24-Jun-2020,13:22,CALL,,33.05,Buy,,,,Sell,
24-Jun-2020,13:22,PUT,,124.1,,,Buy,,Buy,Buy
24-Jun-2020,13:23,NIFTY,,10452.5,Buy,,,,,
24-Jun-2020,13:23,CALL,,33.2,,,,,Sell,
24-Jun-2020,13:23,PUT,,120.5,,,Buy,,Buy,Buy
24-Jun-2020,13:24,CALL,,35.45,,,,,,
24-Jun-2020,13:24,PUT,,115.8,Sell,,,,Buy,
24-Jun-2020,13:24,NIFTY,,10460.95,,,,,,
24-Jun-2020,13:25,NIFTY,,10464.3,,,,,,
24-Jun-2020,13:25,CALL,,36.55,,,,,,
24-Jun-2020,13:25,PUT,,114.25,,,,,Buy,
24-Jun-2020,13:26,NIFTY,,10455.25,,,,,,
24-Jun-2020,13:26,CALL,,34.1,,Sell,,,,
24-Jun-2020,13:26,PUT,,117,,,,,Buy,
24-Jun-2020,13:27,NIFTY,,10449.05,,,,,,
24-Jun-2020,13:27,CALL,,34.35,,,,,,
24-Jun-2020,13:27,PUT,,120,Buy,,,,Buy,
24-Jun-2020,13:28,NIFTY,,10453.75,,,,,,
24-Jun-2020,13:28,CALL,,35.6,Buy,Buy,,,,
24-Jun-2020,13:28,PUT,,113.9,Sell,,,,,
24-Jun-2020,13:29,NIFTY,,10444.55,Sell,,,,Sell,
24-Jun-2020,13:29,CALL,,33.05,Sell,Sell,,,,
24-Jun-2020,13:29,PUT,,121.05,Buy,,,,Buy,
24-Jun-2020,13:30,NIFTY,,10437.8,,,Sell,,Sell,Sell
24-Jun-2020,13:30,CALL,,31.4,,,Sell,,,
24-Jun-2020,13:30,PUT,,125.95,,,Buy,,Buy,Buy
24-Jun-2020,13:31,NIFTY,,10439.4,,,Sell,,Sell,Sell
24-Jun-2020,13:31,CALL,,31.5,,,,,,
24-Jun-2020,13:31,PUT,,125.45,,,Buy,,Buy,Buy
24-Jun-2020,13:32,NIFTY,,10440.35,,,Sell,,Sell,Sell
24-Jun-2020,13:32,CALL,,32.7,,,,,,
24-Jun-2020,13:32,PUT,,122.35,,,,,Buy,
24-Jun-2020,13:33,NIFTY,,10425.5,Sell,,Sell,Sell,Sell,Sell
24-Jun-2020,13:33,CALL,,27.95,Sell,,Sell,Sell,,
24-Jun-2020,13:33,PUT,,133.4,Buy,,Buy,Buy,Buy,Buy
24-Jun-2020,13:34,NIFTY,,10431.6,,,Sell,,Sell,Sell
24-Jun-2020,13:34,CALL,,28.25,,,Sell,,Sell,Sell
24-Jun-2020,13:34,PUT,,128.95,,,Buy,,,
24-Jun-2020,13:35,CALL,,29,,,Sell,,Sell,Sell
24-Jun-2020,13:35,PUT,,125.3,Sell,,,,,
24-Jun-2020,13:35,NIFTY,,10433.5,,,Sell,,,
24-Jun-2020,13:36,NIFTY,,10419.35,Sell,,Sell,Sell,Sell,Sell
24-Jun-2020,13:36,CALL,,25.75,,,Sell,Sell,Sell,Sell
24-Jun-2020,13:36,PUT,,137.5,Buy,,Buy,Buy,,
24-Jun-2020,13:37,NIFTY,,10410.15,,,Sell,Sell,Sell,Sell
24-Jun-2020,13:37,CALL,,24.05,,,Sell,Sell,Sell,Sell
24-Jun-2020,13:37,PUT,,143,,,Buy,Buy,Buy,Buy
24-Jun-2020,13:38,NIFTY,,10409.15,,,Sell,Sell,Sell,Sell
24-Jun-2020,13:38,PUT,,141.4,,,Buy,Buy,Buy,Buy
24-Jun-2020,13:38,CALL,,24.25,,,Sell,,Sell,Sell
24-Jun-2020,13:39,NIFTY,,10402.25,,,Sell,Sell,Sell,Sell
24-Jun-2020,13:39,CALL,,22.1,,,Sell,Sell,Sell,Sell
24-Jun-2020,13:39,PUT,,147.85,,,Buy,Buy,Buy,Buy
24-Jun-2020,13:40,NIFTY,,10405.05,,,Sell,,Sell,Sell
24-Jun-2020,13:40,PUT,,148.6,,,Buy,,Buy,Buy
24-Jun-2020,13:40,CALL,,21.7,,,Sell,,Sell,Sell
24-Jun-2020,13:41,NIFTY,,10395.25,Sell,,Sell,,Sell,Sell
24-Jun-2020,13:41,CALL,,17.4,,,Sell,Sell,Sell,Sell
24-Jun-2020,13:41,PUT,,151.85,,,Buy,,Buy,Buy
24-Jun-2020,13:42,NIFTY,,10399.65,,,Sell,,Sell,Sell
24-Jun-2020,13:42,PUT,,151.65,,,Buy,,Buy,Buy
24-Jun-2020,13:42,CALL,,18.15,,,Sell,,Sell,Sell
24-Jun-2020,13:43,NIFTY,,10410.2,Buy,,,,,
24-Jun-2020,13:43,CALL,,19.35,,,Sell,,Sell,Sell
24-Jun-2020,13:43,PUT,,144.15,Sell,,Buy,,,
24-Jun-2020,13:44,NIFTY,,10411.9,,,,,,
24-Jun-2020,13:44,CALL,,20.75,,,Sell,,Sell,Sell
24-Jun-2020,13:44,PUT,,142.1,,,,,,
24-Jun-2020,13:45,NIFTY,,10393.25,Sell,,Sell,,Sell,Sell
24-Jun-2020,13:45,CALL,,19.2,,,Sell,,Sell,Sell
24-Jun-2020,13:45,PUT,,153.9,Buy,,Buy,,Buy,Buy
24-Jun-2020,13:46,NIFTY,,10374.05,,,Sell,Sell,Sell,Sell
24-Jun-2020,13:46,CALL,,15.1,Sell,,Sell,,Sell,Sell
24-Jun-2020,13:46,PUT,,167.25,,,Buy,Buy,Buy,Buy
24-Jun-2020,13:47,NIFTY,,10383.95,,,Sell,,Sell,Sell
24-Jun-2020,13:47,CALL,,16.1,,,Sell,,Sell,Sell
24-Jun-2020,13:47,PUT,,166.1,,,Buy,,Buy,Buy
24-Jun-2020,13:48,NIFTY,,10377.65,,,Sell,,Sell,Sell
24-Jun-2020,13:48,CALL,,16,,,Sell,,Sell,Sell
24-Jun-2020,13:48,PUT,,167.75,,,Buy,,Buy,Buy
24-Jun-2020,13:49,NIFTY,,10393.1,Buy,,,,,
24-Jun-2020,13:49,CALL,,17.75,Buy,,,,Sell,
24-Jun-2020,13:49,PUT,,152.6,Sell,,,,,
24-Jun-2020,13:50,NIFTY,,10388.35,,,,,,
24-Jun-2020,13:50,CALL,,18.2,,,,,Sell,
24-Jun-2020,13:50,PUT,,157.3,,,,,,
24-Jun-2020,13:51,NIFTY,,10381.65,Sell,,Sell,,,
24-Jun-2020,13:51,CALL,,16.8,Sell,,Sell,,Sell,Sell
24-Jun-2020,13:51,PUT,,162,Buy,,Buy,,,
24-Jun-2020,13:52,NIFTY,,10400.1,Buy,,,,,
24-Jun-2020,13:52,CALL,,18.7,Buy,,,,,
24-Jun-2020,13:52,PUT,,147.2,Sell,Sell,,,,
24-Jun-2020,13:53,NIFTY,,10406.15,,Buy,,,,
24-Jun-2020,13:53,PUT,,144.2,,,,,,
24-Jun-2020,13:53,CALL,,19.9,,,,,,
24-Jun-2020,13:54,NIFTY,,10397.15,,Sell,,,,
24-Jun-2020,13:54,PUT,,150,,,,,,
24-Jun-2020,13:54,CALL,,19.25,,,,,,
24-Jun-2020,13:55,NIFTY,,10402.6,Buy,Buy,,,,
24-Jun-2020,13:55,PUT,,146.85,,,,,,
24-Jun-2020,13:55,CALL,,19,,,,,,
24-Jun-2020,13:56,NIFTY,,10400.95,Sell,,,,,
24-Jun-2020,13:56,PUT,,146.2,,,,,,
24-Jun-2020,13:56,CALL,,19.5,,,,,,
24-Jun-2020,13:57,NIFTY,,10391.85,Sell,Sell,,,,
24-Jun-2020,13:57,PUT,,153,Buy,Buy,,,,
24-Jun-2020,13:57,CALL,,17.9,Sell,Sell,,,,
24-Jun-2020,13:58,NIFTY,,10394.7,,,,,,
24-Jun-2020,13:58,CALL,,17.9,,,,,,
24-Jun-2020,13:58,PUT,,155.75,,,,,,
24-Jun-2020,13:59,CALL,,19.05,Buy,Buy,,,,
24-Jun-2020,13:59,PUT,,152.8,,Sell,,,,
24-Jun-2020,13:59,NIFTY,,10393.6,,,,,,
24-Jun-2020,14:00,NIFTY,,10398.55,Buy,Buy,,,,
24-Jun-2020,14:00,CALL,,19.35,,,,,,
24-Jun-2020,14:00,PUT,,151.2,Sell,,,,,
24-Jun-2020,14:01,NIFTY,,10390.55,Sell,Sell,,,,
24-Jun-2020,14:01,PUT,,156.6,Buy,Buy,,,,
24-Jun-2020,14:01,CALL,,18.65,Sell,,,,,
24-Jun-2020,14:02,NIFTY,,10379.6,,,Sell,,,
24-Jun-2020,14:02,PUT,,161.95,,,,,,
24-Jun-2020,14:02,CALL,,17.45,Sell,Sell,,,,
24-Jun-2020,14:03,NIFTY,,10375.75,,,Sell,,,
24-Jun-2020,14:03,PUT,,163.15,,,Buy,,,
24-Jun-2020,14:03,CALL,,15.8,,,Sell,,,
24-Jun-2020,14:04,NIFTY,,10387.3,Buy,,,,,
24-Jun-2020,14:04,PUT,,154.45,Sell,Sell,,,,
24-Jun-2020,14:04,CALL,,16.9,,,Sell,,,
24-Jun-2020,14:05,NIFTY,,10394.25,,Buy,,,,
24-Jun-2020,14:05,CALL,,17.45,Buy,,,,,
24-Jun-2020,14:05,PUT,,149.1,,,,,,
24-Jun-2020,14:06,NIFTY,,10420.45,,,Buy,Buy,,
24-Jun-2020,14:06,CALL,,20.15,Buy,Buy,Buy,,,
24-Jun-2020,14:06,PUT,,126.2,,,Sell,Sell,,
24-Jun-2020,14:07,NIFTY,,10427.75,,,Buy,Buy,Buy,Buy
24-Jun-2020,14:07,PUT,,118.85,,,Sell,Sell,Sell,Sell
24-Jun-2020,14:07,CALL,,22.95,,,Buy,Buy,Buy,Buy
24-Jun-2020,14:08,NIFTY,,10425.6,,,Buy,Buy,Buy,Buy
24-Jun-2020,14:08,CALL,,24.4,,,Buy,Buy,Buy,Buy
24-Jun-2020,14:08,PUT,,121.75,,,Sell,Sell,Sell,Sell
24-Jun-2020,14:09,NIFTY,,10415.1,Sell,,Buy,,,
24-Jun-2020,14:09,CALL,,21.7,,,Buy,,,
24-Jun-2020,14:09,PUT,,131.6,Buy,,Sell,,,
24-Jun-2020,14:10,NIFTY,,10418.65,,,Buy,,Buy,Buy
24-Jun-2020,14:10,CALL,,21.25,,,Buy,,,
24-Jun-2020,14:10,PUT,,128.15,,,Sell,,,
24-Jun-2020,14:11,CALL,,23,,,Buy,,,
24-Jun-2020,14:11,PUT,,129.5,,,Sell,,,
24-Jun-2020,14:11,NIFTY,,10419.85,,,Buy,,Buy,Buy
24-Jun-2020,14:12,CALL,,21.65,Sell,,,,,
24-Jun-2020,14:12,PUT,,138.55,Buy,,,,,
24-Jun-2020,14:12,NIFTY,,10407.2,Sell,,,,,
24-Jun-2020,14:13,NIFTY,,10394.15,,Sell,,,,
24-Jun-2020,14:13,CALL,,19.8,Sell,Sell,,,,
24-Jun-2020,14:13,PUT,,145,,Buy,,,,
24-Jun-2020,14:14,NIFTY,,10399.75,,,,,,
24-Jun-2020,14:14,CALL,,19,,,,,,
24-Jun-2020,14:14,PUT,,142.65,,Sell,,,,
24-Jun-2020,14:15,CALL,,18.8,,,,,,
24-Jun-2020,14:15,PUT,,150,,Buy,,,,
24-Jun-2020,14:15,NIFTY,,10396.75,,,,,,
24-Jun-2020,14:16,NIFTY,,10396.65,,,,,,
24-Jun-2020,14:16,CALL,,19.25,,,,,,
24-Jun-2020,14:16,PUT,,150.85,,,,,,
24-Jun-2020,14:17,NIFTY,,10405.6,Buy,Buy,,,,
24-Jun-2020,14:17,CALL,,20.75,Buy,Buy,,,,
24-Jun-2020,14:17,PUT,,141.65,Sell,Sell,,,,
24-Jun-2020,14:18,NIFTY,,10402.85,,,,,,
24-Jun-2020,14:18,CALL,,20.95,,,,,,
24-Jun-2020,14:18,PUT,,135.75,,,,,,
24-Jun-2020,14:19,NIFTY,,10401,,,,,,
24-Jun-2020,14:19,CALL,,20.45,,,,,,
24-Jun-2020,14:19,PUT,,140.95,,,,,,
24-Jun-2020,14:20,NIFTY,,10405.8,Buy,Buy,,,,
24-Jun-2020,14:20,PUT,,136.85,,,,,,
24-Jun-2020,14:20,CALL,,21.25,Buy,,,,,
24-Jun-2020,14:21,NIFTY,,10418.25,Buy,,,,,
24-Jun-2020,14:21,CALL,,22.6,,,Buy,,,
24-Jun-2020,14:21,PUT,,132.9,,,,,,
24-Jun-2020,14:22,PUT,,131.1,,,,,,
24-Jun-2020,14:22,CALL,,22.45,,,,,,
24-Jun-2020,14:22,NIFTY,,10420.25,,,Buy,,,
24-Jun-2020,14:23,CALL,,21.55,Sell,,,,,
24-Jun-2020,14:23,PUT,,131.9,,,,,,
24-Jun-2020,14:23,NIFTY,,10415.75,,,,,,
24-Jun-2020,14:24,NIFTY,,10409.65,Sell,Sell,,,,
24-Jun-2020,14:24,CALL,,19.55,Sell,Sell,,,,
24-Jun-2020,14:24,PUT,,133.05,Buy,,,,,
24-Jun-2020,14:25,NIFTY,,10410,,,,,,
24-Jun-2020,14:25,CALL,,20.45,,,,,,
24-Jun-2020,14:25,PUT,,134.8,,,,,,
24-Jun-2020,14:26,NIFTY,,10416.45,Buy,,,,,
24-Jun-2020,14:26,CALL,,21.45,Buy,Buy,,,,
24-Jun-2020,14:26,PUT,,129.05,Sell,,,,,
24-Jun-2020,14:27,NIFTY,,10408.45,Sell,Sell,,,,
24-Jun-2020,14:27,CALL,,19.65,Sell,Sell,Sell,,,
24-Jun-2020,14:27,PUT,,134.85,Buy,,,,,
24-Jun-2020,14:28,NIFTY,,10404.35,,Sell,,,,
24-Jun-2020,14:28,CALL,,19.95,,,Sell,,,
24-Jun-2020,14:28,PUT,,135.8,,,,,,
24-Jun-2020,14:29,NIFTY,,10406.85,,,,,,
24-Jun-2020,14:29,CALL,,19.85,,,,,,
24-Jun-2020,14:29,PUT,,136.45,,,,,,
24-Jun-2020,14:30,NIFTY,,10393.4,Sell,,Sell,,,
24-Jun-2020,14:30,CALL,,17.8,,,Sell,Sell,Sell,Sell
24-Jun-2020,14:30,PUT,,142.3,,Buy,,,,
24-Jun-2020,14:31,NIFTY,,10395.7,,,Sell,,Sell,Sell
24-Jun-2020,14:31,CALL,,18,,,Sell,Sell,Sell,Sell
24-Jun-2020,14:31,PUT,,143,,,,,,
24-Jun-2020,14:32,NIFTY,,10405.9,Buy,Buy,,,,
24-Jun-2020,14:32,PUT,,135.9,Sell,Sell,,,,
24-Jun-2020,14:32,CALL,,19.2,Buy,,,,,
24-Jun-2020,14:33,NIFTY,,10402,,,,,,
24-Jun-2020,14:33,CALL,,19.1,,,,,,
24-Jun-2020,14:33,PUT,,136.15,,,,,,
24-Jun-2020,14:34,NIFTY,,10401.05,,,,,,
24-Jun-2020,14:34,CALL,,18.6,Sell,,Sell,,,
24-Jun-2020,14:34,PUT,,139.75,Buy,Buy,,,,
24-Jun-2020,14:35,NIFTY,,10394,Sell,,Sell,,,
24-Jun-2020,14:35,CALL,,17.9,,,Sell,,Sell,Sell
24-Jun-2020,14:35,PUT,,143.55,Buy,,Buy,,,
24-Jun-2020,14:36,CALL,,14.4,,,Sell,Sell,Sell,Sell
24-Jun-2020,14:36,PUT,,160.15,,,Buy,Buy,,
24-Jun-2020,14:36,NIFTY,,10377.05,,,Sell,Sell,Sell,Sell
24-Jun-2020,14:37,NIFTY,,10370.25,,,Sell,Sell,Sell,Sell
24-Jun-2020,14:37,PUT,,167.65,,,Buy,Buy,Buy,Buy
24-Jun-2020,14:37,CALL,,12.7,,,Sell,Sell,Sell,Sell
24-Jun-2020,14:38,NIFTY,,10371.85,,,Sell,Sell,Sell,Sell
24-Jun-2020,14:38,CALL,,13.6,,,Sell,Sell,Sell,Sell
24-Jun-2020,14:38,PUT,,169.55,,,Buy,Buy,Buy,Buy
24-Jun-2020,14:39,NIFTY,,10361.2,,,Sell,Sell,Sell,Sell
24-Jun-2020,14:39,CALL,,13.15,,,Sell,,Sell,Sell
24-Jun-2020,14:39,PUT,,175.5,,,Buy,Buy,Buy,Buy
24-Jun-2020,14:40,NIFTY,,10355.6,,,Sell,Sell,Sell,Sell
24-Jun-2020,14:40,CALL,,12.6,Sell,,Sell,,Sell,Sell
24-Jun-2020,14:40,PUT,,176.05,,,Buy,Buy,Buy,Buy
24-Jun-2020,14:41,NIFTY,,10358.35,,,Sell,,Sell,Sell
24-Jun-2020,14:41,CALL,,13.45,Buy,,Sell,,Sell,Sell
24-Jun-2020,14:41,PUT,,170.65,Sell,,Buy,,Buy,Buy
24-Jun-2020,14:42,NIFTY,,10353.7,,,Sell,,Sell,Sell
24-Jun-2020,14:42,CALL,,12.95,Sell,,Sell,,Sell,Sell
24-Jun-2020,14:42,PUT,,176.95,Buy,,Buy,,Buy,Buy
24-Jun-2020,14:43,NIFTY,,10343.7,,,Sell,,Sell,Sell
24-Jun-2020,14:43,PUT,,181.2,,,Buy,,Buy,Buy
24-Jun-2020,14:43,CALL,,11.6,,,Sell,,Sell,Sell
24-Jun-2020,14:44,NIFTY,,10343.45,,,Sell,,Sell,Sell
24-Jun-2020,14:44,PUT,,181.9,,,Buy,,Buy,Buy
24-Jun-2020,14:44,CALL,,11.5,,,Sell,,Sell,Sell
24-Jun-2020,14:45,NIFTY,,10352.75,Buy,,Sell,,Sell,Sell
24-Jun-2020,14:45,CALL,,11.8,,,Sell,,Sell,Sell
24-Jun-2020,14:45,PUT,,175.3,Sell,,Buy,,Buy,Buy
24-Jun-2020,14:46,NIFTY,,10350,,,Sell,,Sell,Sell
24-Jun-2020,14:46,CALL,,12.25,Buy,,,,Sell,
24-Jun-2020,14:46,PUT,,176.3,,,Buy,,Buy,Buy
24-Jun-2020,14:47,NIFTY,,10348.3,,,Sell,,Sell,Sell
24-Jun-2020,14:47,CALL,,12,,,Sell,,Sell,Sell
24-Jun-2020,14:47,PUT,,177.6,,,,,Buy,
24-Jun-2020,14:48,NIFTY,,10345.9,Sell,,Sell,,Sell,Sell
24-Jun-2020,14:48,CALL,,11.55,,,Sell,,Sell,Sell
24-Jun-2020,14:48,PUT,,181.35,Buy,,Buy,,Buy,Buy
24-Jun-2020,14:49,NIFTY,,10337.2,,,Sell,,Sell,Sell
24-Jun-2020,14:49,CALL,,11,,,Sell,,Sell,Sell
24-Jun-2020,14:49,PUT,,185.9,,,Buy,,Buy,Buy
24-Jun-2020,14:50,NIFTY,,10323.5,,,Sell,,Sell,Sell
24-Jun-2020,14:50,CALL,,9.45,,,Sell,,Sell,Sell
24-Jun-2020,14:50,PUT,,196.65,,,Buy,,Buy,Buy
24-Jun-2020,14:51,PUT,,194.5,,,Buy,,Buy,Buy
24-Jun-2020,14:51,NIFTY,,10329.9,,,Sell,,Sell,Sell
24-Jun-2020,14:51,CALL,,10.15,,,Sell,,Sell,Sell
24-Jun-2020,14:52,NIFTY,,10327.5,,,Sell,,Sell,Sell
24-Jun-2020,14:52,PUT,,197.2,,,Buy,,Buy,Buy
24-Jun-2020,14:52,CALL,,9.85,Sell,,Sell,,Sell,Sell
24-Jun-2020,14:53,NIFTY,,10316.55,Sell,,Sell,,Sell,Sell
24-Jun-2020,14:53,CALL,,8.8,,,Sell,,Sell,Sell
24-Jun-2020,14:53,PUT,,205.8,,,Buy,,Buy,Buy
24-Jun-2020,14:54,NIFTY,,10312.55,,,Sell,,Sell,Sell
24-Jun-2020,14:54,CALL,,8.4,,,Sell,,Sell,Sell
24-Jun-2020,14:54,PUT,,206.3,,,Buy,,Buy,Buy
24-Jun-2020,14:55,NIFTY,,10317.05,,,Sell,,Sell,Sell
24-Jun-2020,14:55,CALL,,8.85,,,Sell,,Sell,Sell
24-Jun-2020,14:55,PUT,,200.3,Sell,,Buy,,Buy,Buy
24-Jun-2020,14:56,NIFTY,,10332.15,Buy,,,,,
24-Jun-2020,14:56,CALL,,9.4,Buy,,Sell,,Sell,Sell
24-Jun-2020,14:56,PUT,,192.1,Sell,,,,,
24-Jun-2020,14:57,NIFTY,,10345.05,,Buy,,,,
24-Jun-2020,14:57,CALL,,10.6,,,,,,
24-Jun-2020,14:57,PUT,,188.8,,,,,,
24-Jun-2020,14:58,NIFTY,,10329.7,,Sell,,,,
24-Jun-2020,14:58,CALL,,10.15,,,,,,
24-Jun-2020,14:58,PUT,,192.1,,,,,,
24-Jun-2020,14:59,NIFTY,,10325.65,,,,,,
24-Jun-2020,14:59,CALL,,9.7,Sell,,,,,
24-Jun-2020,14:59,PUT,,197.05,Buy,,,,,
24-Jun-2020,15:00,NIFTY,,10330.95,,,,,,
24-Jun-2020,15:00,CALL,,9.65,,,,,,
24-Jun-2020,15:00,PUT,,197,,,,,,
24-Jun-2020,15:01,NIFTY,,10338.25,Buy,Buy,,,,
24-Jun-2020,15:01,CALL,,10.55,Buy,,,,,
24-Jun-2020,15:01,PUT,,190.95,Sell,,,,,
24-Jun-2020,15:02,NIFTY,,10321.5,Sell,Sell,Sell,,,
24-Jun-2020,15:02,CALL,,9.55,Sell,Sell,,,,
24-Jun-2020,15:02,PUT,,204.05,Buy,Buy,Buy,,,
24-Jun-2020,15:03,NIFTY,,10329.6,Buy,,,,,
24-Jun-2020,15:03,CALL,,10.25,Buy,Buy,,,,
24-Jun-2020,15:03,PUT,,193.6,Sell,,,,,
24-Jun-2020,15:04,CALL,,9.95,Sell,Sell,,,,
24-Jun-2020,15:04,PUT,,201.05,Buy,,,,,
24-Jun-2020,15:04,NIFTY,,10320.65,Sell,,,,,
24-Jun-2020,15:05,NIFTY,,10314.25,,,Sell,,,
24-Jun-2020,15:05,CALL,,9,,,Sell,,,
24-Jun-2020,15:05,PUT,,201.85,,,,,,
24-Jun-2020,15:06,CALL,,8.95,,,Sell,,,
24-Jun-2020,15:06,PUT,,197,Sell,,,,,
24-Jun-2020,15:06,NIFTY,,10321.25,Buy,,,,,
24-Jun-2020,15:07,NIFTY,,10314.95,Sell,,Sell,,Sell,Sell
24-Jun-2020,15:07,CALL,,8.75,,,Sell,,Sell,Sell
24-Jun-2020,15:07,PUT,,204.1,Buy,,Buy,,Buy,Buy
24-Jun-2020,15:08,NIFTY,,10308.8,,,Sell,,Sell,Sell
24-Jun-2020,15:08,CALL,,8.3,,,Sell,,Sell,Sell
24-Jun-2020,15:08,PUT,,212,,,Buy,Buy,Buy,Buy
24-Jun-2020,15:09,NIFTY,,10312.85,,,Sell,,Sell,Sell
24-Jun-2020,15:09,PUT,,206.5,,,Buy,,,
24-Jun-2020,15:09,CALL,,8.4,,,Sell,,Sell,Sell
24-Jun-2020,15:10,NIFTY,,10306.35,,,Sell,,Sell,Sell
24-Jun-2020,15:10,CALL,,7.9,Sell,,Sell,Sell,Sell,Sell
24-Jun-2020,15:10,PUT,,214,Buy,,Buy,Buy,Buy,Buy
24-Jun-2020,15:11,NIFTY,,10299.25,,,Sell,,Sell,Sell
24-Jun-2020,15:11,CALL,,7.55,,,Sell,Sell,Sell,Sell
24-Jun-2020,15:11,PUT,,217,,,Buy,Buy,Buy,Buy
24-Jun-2020,15:12,NIFTY,,10285.35,,,Sell,Sell,Sell,Sell
24-Jun-2020,15:12,CALL,,7.2,,,Sell,,Sell,Sell
24-Jun-2020,15:12,PUT,,230.7,,,Buy,Buy,Buy,Buy
24-Jun-2020,15:13,NIFTY,,10285.85,,,Sell,Sell,Sell,Sell
24-Jun-2020,15:13,CALL,,6.75,,,Sell,Sell,Sell,Sell
24-Jun-2020,15:13,PUT,,230.5,,,Buy,Buy,Buy,Buy
24-Jun-2020,15:14,NIFTY,,10290.6,,,Sell,,Sell,Sell
24-Jun-2020,15:14,CALL,,7,,,Sell,Sell,Sell,Sell
24-Jun-2020,15:14,PUT,,226.3,,,Buy,,Buy,Buy
24-Jun-2020,15:15,NIFTY,,10302.25,Buy,,,,,
24-Jun-2020,15:15,CALL,,7.4,,,Sell,,Sell,Sell
24-Jun-2020,15:15,PUT,,219,Sell,,Buy,,,
24-Jun-2020,15:16,NIFTY,,10300.9,,,,,,
24-Jun-2020,15:16,CALL,,7.55,,,Sell,,,
24-Jun-2020,15:16,PUT,,216.35,,,,,,
