date,time,strategy,action,symbol,strikePrice,price
24-Jun-2020,09:58,sma5,Sell,NIFTY,,10523.65
24-Jun-2020,09:58,sma5,Buy,PUT,10500,76
24-Jun-2020,10:00,sma5,Buy,CALL,10550,54.35
24-Jun-2020,10:01,sma5,Sell,NIFTY,,10522.25
24-Jun-2020,10:01,sma5,Buy,PUT,10500,75.6
24-Jun-2020,10:01,sma5,Sell,CALL,10550,53.95
24-Jun-2020,10:02,sma5,Buy,NIFTY,,10526.8
24-Jun-2020,10:02,sma5,Buy,CALL,10550,54.05
24-Jun-2020,10:02,sma5,Sell,PUT,10500,72.45
24-Jun-2020,10:03,sma5,Buy,NIFTY,,10535.1
24-Jun-2020,10:05,sma5,Sell,CALL,10550,54.9
24-Jun-2020,10:05,sma5,Buy,PUT,10500,73.15
24-Jun-2020,10:06,sma5,Buy,NIFTY,,10534.85
24-Jun-2020,10:06,sma5,Buy,CALL,10550,55.6
24-Jun-2020,10:06,sma5,Sell,PUT,10500,70.2
24-Jun-2020,10:08,sma5,Sell,NIFTY,,10533.9
24-Jun-2020,10:09,sma5,Sell,NIFTY,,10532.95
24-Jun-2020,10:10,sma5,Buy,NIFTY,,10535.65
24-Jun-2020,10:11,sma5,Sell,NIFTY,,10532.5
24-Jun-2020,10:12,sma5,Buy,NIFTY,,10540.2
24-Jun-2020,10:12,bb1sd,Buy,NIFTY,,10540.2
24-Jun-2020,10:12,bb2sd,Buy,NIFTY,,10540.2
24-Jun-2020,10:12,sma5,Buy,CALL,10550,58
24-Jun-2020,10:12,bb1sd,Buy,CALL,10550,58
24-Jun-2020,10:12,bb2sd,Buy,CALL,10550,58
24-Jun-2020,10:12,sma5,Sell,PUT,10500,65.65
24-Jun-2020,10:12,bb1sd,Sell,PUT,10500,65.65
24-Jun-2020,10:12,bb2sd,Sell,PUT,10500,65.65
24-Jun-2020,10:13,bb1sd,Buy,NIFTY,,10543.75
24-Jun-2020,10:13,bb2sd,Buy,NIFTY,,10543.75
24-Jun-2020,10:13,bb1sd,Buy,CALL,10550,63.4
24-Jun-2020,10:13,bb2sd,Buy,CALL,10550,63.4
24-Jun-2020,10:13,bb1sd,Sell,PUT,10500,62.9
24-Jun-2020,10:13,bb2sd,Sell,PUT,10500,62.9
24-Jun-2020,10:14,bb1sd,Buy,NIFTY,,10542.6
24-Jun-2020,10:14,bb2sd,Buy,CALL,10550,62.95
24-Jun-2020,10:14,bb2sd,Sell,PUT,10500,62.8
24-Jun-2020,10:14,bb1sd,Sell,PUT,10500,62.8
24-Jun-2020,10:14,bb1sd,Buy,CALL,10550,62.95
24-Jun-2020,10:15,bb1sd,Buy,NIFTY,,10544.6
24-Jun-2020,10:15,bb1sd,Buy,CALL,10550,63
24-Jun-2020,10:15,bb2sd,Buy,CALL,10550,63
24-Jun-2020,10:15,bb1sd,Sell,PUT,10500,62.9
24-Jun-2020,10:16,bb1sd,Buy,NIFTY,,10546.65
24-Jun-2020,10:16,bb1sd,Buy,CALL,10550,64.8
24-Jun-2020,10:16,bb2sd,Buy,CALL,10550,64.8
24-Jun-2020,10:16,bb1sd,Sell,PUT,10500,61.9
24-Jun-2020,10:17,bb1sd,Buy,NIFTY,,10550.55
24-Jun-2020,10:17,bb2sd,Buy,NIFTY,,10550.55
24-Jun-2020,10:17,bb1sd,Buy,CALL,10550,66.8
24-Jun-2020,10:17,bb2sd,Buy,CALL,10550,66.8
24-Jun-2020,10:17,bb1sd,Sell,PUT,10500,60.55
24-Jun-2020,10:18,bb1sd,Buy,NIFTY,,10550.95
24-Jun-2020,10:18,bb1sd,Buy,CALL,10550,66.7
24-Jun-2020,10:18,bb1sd,Sell,PUT,10500,60.75
24-Jun-2020,10:19,bb1sd,Buy,CALL,10550,65.2
24-Jun-2020,10:19,bb1sd,Buy,NIFTY,,10548.1
24-Jun-2020,10:19,bb1sd,Sell,PUT,10500,61.7
24-Jun-2020,10:20,bb1sd,Buy,NIFTY,,10548.6
24-Jun-2020,10:20,bb1sd,Buy,CALL,10550,65.5
24-Jun-2020,10:20,bb1sd,Sell,PUT,10500,61.8
24-Jun-2020,10:21,bb1sd,Buy,CALL,10550,64.2
24-Jun-2020,10:21,sma5,Buy,PUT,10500,62.8
24-Jun-2020,10:21,sma5,Sell,NIFTY,,10544.2
24-Jun-2020,10:24,sma5,Buy,NIFTY,,10548.15
24-Jun-2020,10:24,bb1sd,Buy,NIFTY,,10548.15
24-Jun-2020,10:24,sma5,Buy,CALL,10550,65.3
24-Jun-2020,10:25,sma5,Buy,PUT,10500,63.4
24-Jun-2020,10:26,sma20,Sell,NIFTY,,10542.6
24-Jun-2020,10:26,sma5,Sell,CALL,10550,63.6
24-Jun-2020,10:26,sma20,Buy,PUT,10500,64.05
24-Jun-2020,10:26,sma5,Sell,NIFTY,,10542.6
24-Jun-2020,10:27,sma20,Sell,CALL,10550,60.8
24-Jun-2020,10:31,bb1sd,Sell,NIFTY,,10539.8
24-Jun-2020,10:31,bb1sd,Buy,PUT,10500,65
24-Jun-2020,10:32,sma5,Buy,NIFTY,,10542.3
24-Jun-2020,10:32,sma5,Buy,CALL,10550,62.1
24-Jun-2020,10:32,bb1sd,Buy,PUT,10500,64.15
24-Jun-2020,10:33,sma5,Sell,CALL,10550,61.3
24-Jun-2020,10:33,bb1sd,Sell,CALL,10550,61.3
24-Jun-2020,10:33,sma5,Buy,PUT,10500,65.4
24-Jun-2020,10:33,bb1sd,Buy,PUT,10500,65.4
24-Jun-2020,10:33,stochastic,Buy,PUT,10500,65.4
24-Jun-2020,10:33,combination,Buy,PUT,10500,65.4
24-Jun-2020,10:34,sma5,Sell,NIFTY,,10538.65
24-Jun-2020,10:34,bb1sd,Sell,NIFTY,,10538.65
24-Jun-2020,10:34,sma5,Sell,CALL,10550,60
24-Jun-2020,10:34,bb1sd,Sell,CALL,10550,60
24-Jun-2020,10:34,bb2sd,Sell,CALL,10550,60
24-Jun-2020,10:34,stochastic,Sell,CALL,10550,60
24-Jun-2020,10:34,combination,Sell,CALL,10550,60
24-Jun-2020,10:34,bb1sd,Buy,PUT,10500,66.3
24-Jun-2020,10:34,bb2sd,Buy,PUT,10500,66.3
24-Jun-2020,10:34,stochastic,Buy,PUT,10500,66.3
24-Jun-2020,10:34,combination,Buy,PUT,10500,66.3
24-Jun-2020,10:35,bb1sd,Sell,NIFTY,,10536.95
24-Jun-2020,10:35,stochastic,Sell,NIFTY,,10536.95
24-Jun-2020,10:35,combination,Sell,NIFTY,,10536.95
24-Jun-2020,10:35,bb1sd,Sell,CALL,10550,59.2
24-Jun-2020,10:35,stochastic,Sell,CALL,10550,59.2
24-Jun-2020,10:35,combination,Sell,CALL,10550,59.2
24-Jun-2020,10:35,bb1sd,Buy,PUT,10500,67
24-Jun-2020,10:35,bb2sd,Buy,PUT,10500,67
24-Jun-2020,10:35,stochastic,Buy,PUT,10500,67
24-Jun-2020,10:35,combination,Buy,PUT,10500,67
24-Jun-2020,10:36,bb1sd,Sell,NIFTY,,10531.65
24-Jun-2020,10:36,bb2sd,Sell,NIFTY,,10531.65
24-Jun-2020,10:36,stochastic,Sell,NIFTY,,10531.65
24-Jun-2020,10:36,combination,Sell,NIFTY,,10531.65
24-Jun-2020,10:36,bb1sd,Sell,CALL,10550,56.45
24-Jun-2020,10:36,bb2sd,Sell,CALL,10550,56.45
24-Jun-2020,10:36,stochastic,Sell,CALL,10550,56.45
24-Jun-2020,10:36,combination,Sell,CALL,10550,56.45
24-Jun-2020,10:36,bb1sd,Buy,PUT,10500,68.3
24-Jun-2020,10:36,bb2sd,Buy,PUT,10500,68.3
24-Jun-2020,10:36,stochastic,Buy,PUT,10500,68.3
24-Jun-2020,10:36,combination,Buy,PUT,10500,68.3
24-Jun-2020,10:37,bb1sd,Sell,NIFTY,,10522.75
24-Jun-2020,10:37,stochastic,Sell,NIFTY,,10522.75
24-Jun-2020,10:37,combination,Sell,NIFTY,,10522.75
24-Jun-2020,10:37,bb1sd,Sell,CALL,10550,53.5
24-Jun-2020,10:37,bb2sd,Sell,CALL,10550,53.5
24-Jun-2020,10:37,stochastic,Sell,CALL,10550,53.5
24-Jun-2020,10:37,combination,Sell,CALL,10550,53.5
24-Jun-2020,10:37,bb1sd,Buy,PUT,10500,71.15
24-Jun-2020,10:37,bb2sd,Buy,PUT,10500,71.15
24-Jun-2020,10:37,stochastic,Buy,PUT,10500,71.15
24-Jun-2020,10:37,combination,Buy,PUT,10500,71.15
24-Jun-2020,10:37,bb2sd,Sell,NIFTY,,10522.75
24-Jun-2020,10:38,bb1sd,Sell,NIFTY,,10524.2
24-Jun-2020,10:38,bb2sd,Sell,NIFTY,,10524.2
24-Jun-2020,10:38,stochastic,Sell,NIFTY,,10524.2
24-Jun-2020,10:38,combination,Sell,NIFTY,,10524.2
24-Jun-2020,10:38,bb1sd,Sell,CALL,10550,54.25
24-Jun-2020,10:38,bb2sd,Sell,CALL,10550,54.25
24-Jun-2020,10:38,stochastic,Sell,CALL,10550,54.25
24-Jun-2020,10:38,combination,Sell,CALL,10550,54.25
24-Jun-2020,10:38,bb1sd,Buy,PUT,10500,71.25
24-Jun-2020,10:38,bb2sd,Buy,PUT,10500,71.25
24-Jun-2020,10:38,stochastic,Buy,PUT,10500,71.25
24-Jun-2020,10:38,combination,Buy,PUT,10500,71.25
24-Jun-2020,10:39,bb1sd,Sell,NIFTY,,10525
24-Jun-2020,10:39,stochastic,Sell,NIFTY,,10525
24-Jun-2020,10:39,combination,Sell,NIFTY,,10525
24-Jun-2020,10:39,bb1sd,Sell,CALL,10550,55.25
24-Jun-2020,10:39,stochastic,Sell,CALL,10550,55.25
24-Jun-2020,10:39,combination,Sell,CALL,10550,55.25
24-Jun-2020,10:39,bb1sd,Buy,PUT,10500,70.2
24-Jun-2020,10:39,stochastic,Buy,PUT,10500,70.2
24-Jun-2020,10:39,combination,Buy,PUT,10500,70.2
24-Jun-2020,10:40,bb1sd,Sell,NIFTY,,10522.85
24-Jun-2020,10:40,stochastic,Sell,NIFTY,,10522.85
24-Jun-2020,10:40,combination,Sell,NIFTY,,10522.85
24-Jun-2020,10:40,sma5,Sell,CALL,10550,54.65
24-Jun-2020,10:40,bb1sd,Sell,CALL,10550,54.65
24-Jun-2020,10:40,stochastic,Sell,CALL,10550,54.65
24-Jun-2020,10:40,combination,Sell,CALL,10550,54.65
24-Jun-2020,10:40,sma5,Buy,PUT,10500,72.5
24-Jun-2020,10:40,bb1sd,Buy,PUT,10500,72.5
24-Jun-2020,10:40,bb2sd,Buy,PUT,10500,72.5
24-Jun-2020,10:40,stochastic,Buy,PUT,10500,72.5
24-Jun-2020,10:40,combination,Buy,PUT,10500,72.5
24-Jun-2020,10:41,sma5,Sell,NIFTY,,10516.8
24-Jun-2020,10:41,bb1sd,Sell,NIFTY,,10516.8
24-Jun-2020,10:41,bb2sd,Sell,NIFTY,,10516.8
24-Jun-2020,10:41,stochastic,Sell,NIFTY,,10516.8
24-Jun-2020,10:41,combination,Sell,NIFTY,,10516.8
24-Jun-2020,10:41,sma5,Sell,CALL,10550,53.4
24-Jun-2020,10:41,bb1sd,Sell,CALL,10550,53.4
24-Jun-2020,10:41,stochastic,Sell,CALL,10550,53.4
24-Jun-2020,10:41,combination,Sell,CALL,10550,53.4
24-Jun-2020,10:41,bb1sd,Buy,PUT,10500,73.15
24-Jun-2020,10:41,bb2sd,Buy,PUT,10500,73.15
24-Jun-2020,10:41,stochastic,Buy,PUT,10500,73.15
24-Jun-2020,10:41,combination,Buy,PUT,10500,73.15
24-Jun-2020,10:42,bb1sd,Sell,NIFTY,,10509.9
24-Jun-2020,10:42,bb2sd,Sell,NIFTY,,10509.9
24-Jun-2020,10:42,stochastic,Sell,NIFTY,,10509.9
24-Jun-2020,10:42,combination,Sell,NIFTY,,10509.9
24-Jun-2020,10:42,sma5,Sell,CALL,10550,49.8
24-Jun-2020,10:42,bb1sd,Sell,CALL,10550,49.8
24-Jun-2020,10:42,bb2sd,Sell,CALL,10550,49.8
24-Jun-2020,10:42,stochastic,Sell,CALL,10550,49.8
24-Jun-2020,10:42,combination,Sell,CALL,10550,49.8
24-Jun-2020,10:42,bb1sd,Buy,PUT,10500,77.55
24-Jun-2020,10:42,bb2sd,Buy,PUT,10500,77.55
24-Jun-2020,10:42,stochastic,Buy,PUT,10500,77.55
24-Jun-2020,10:42,combination,Buy,PUT,10500,77.55
24-Jun-2020,10:43,bb1sd,Sell,NIFTY,,10511.75
24-Jun-2020,10:43,stochastic,Sell,NIFTY,,10511.75
24-Jun-2020,10:43,combination,Sell,NIFTY,,10511.75
24-Jun-2020,10:43,bb1sd,Sell,CALL,10550,51.05
24-Jun-2020,10:43,stochastic,Sell,CALL,10550,51.05
24-Jun-2020,10:43,combination,Sell,CALL,10550,51.05
24-Jun-2020,10:43,bb1sd,Buy,PUT,10500,76.35
24-Jun-2020,10:43,stochastic,Buy,PUT,10500,76.35
24-Jun-2020,10:43,combination,Buy,PUT,10500,76.35
24-Jun-2020,10:44,bb1sd,Sell,NIFTY,,10514
24-Jun-2020,10:44,stochastic,Sell,NIFTY,,10514
24-Jun-2020,10:44,combination,Sell,NIFTY,,10514
24-Jun-2020,10:44,bb1sd,Sell,CALL,10550,51.35
24-Jun-2020,10:44,stochastic,Sell,CALL,10550,51.35
24-Jun-2020,10:44,combination,Sell,CALL,10550,51.35
24-Jun-2020,10:44,bb1sd,Buy,PUT,10500,77.6
24-Jun-2020,10:44,stochastic,Buy,PUT,10500,77.6
24-Jun-2020,10:44,combination,Buy,PUT,10500,77.6
24-Jun-2020,10:45,bb1sd,Sell,NIFTY,,10513.3
24-Jun-2020,10:45,stochastic,Sell,NIFTY,,10513.3
24-Jun-2020,10:45,combination,Sell,NIFTY,,10513.3
24-Jun-2020,10:45,sma5,Buy,CALL,10550,52.6
24-Jun-2020,10:45,bb1sd,Sell,CALL,10550,52.6
24-Jun-2020,10:45,bb1sd,Buy,PUT,10500,77.15
24-Jun-2020,10:45,stochastic,Buy,PUT,10500,77.15
24-Jun-2020,10:45,combination,Buy,PUT,10500,77.15
24-Jun-2020,10:46,sma5,Sell,NIFTY,,10505
24-Jun-2020,10:46,bb1sd,Sell,NIFTY,,10505
24-Jun-2020,10:46,stochastic,Sell,NIFTY,,10505
24-Jun-2020,10:46,combination,Sell,NIFTY,,10505
24-Jun-2020,10:46,sma5,Sell,CALL,10550,48.85
24-Jun-2020,10:46,stochastic,Sell,CALL,10550,48.85
24-Jun-2020,10:46,combination,Sell,CALL,10550,48.85
24-Jun-2020,10:46,sma5,Buy,PUT,10500,81.5
24-Jun-2020,10:46,bb1sd,Buy,PUT,10500,81.5
24-Jun-2020,10:46,bb2sd,Buy,PUT,10500,81.5
24-Jun-2020,10:46,combination,Buy,PUT,10500,81.5
24-Jun-2020,10:46,stochastic,Buy,PUT,10500,81.5
24-Jun-2020,10:46,bb1sd,Sell,CALL,10550,48.85
24-Jun-2020,10:47,bb1sd,Sell,NIFTY,,10494.7
24-Jun-2020,10:47,bb2sd,Sell,NIFTY,,10494.7
24-Jun-2020,10:47,stochastic,Sell,NIFTY,,10494.7
24-Jun-2020,10:47,combination,Sell,NIFTY,,10494.7
24-Jun-2020,10:47,bb1sd,Sell,CALL,10550,44.95
24-Jun-2020,10:47,bb2sd,Sell,CALL,10550,44.95
24-Jun-2020,10:47,stochastic,Sell,CALL,10550,44.95
24-Jun-2020,10:47,combination,Sell,CALL,10550,44.95
24-Jun-2020,10:47,bb1sd,Buy,PUT,10500,86.55
24-Jun-2020,10:47,bb2sd,Buy,PUT,10500,86.55
24-Jun-2020,10:47,stochastic,Buy,PUT,10500,86.55
24-Jun-2020,10:47,combination,Buy,PUT,10500,86.55
24-Jun-2020,10:48,bb1sd,Sell,NIFTY,,10497.65
24-Jun-2020,10:48,stochastic,Sell,NIFTY,,10497.65
24-Jun-2020,10:48,combination,Sell,NIFTY,,10497.65
24-Jun-2020,10:48,bb1sd,Sell,CALL,10550,44.9
24-Jun-2020,10:48,stochastic,Sell,CALL,10550,44.9
24-Jun-2020,10:48,combination,Sell,CALL,10550,44.9
24-Jun-2020,10:48,bb1sd,Buy,PUT,10500,83.8
24-Jun-2020,10:48,stochastic,Buy,PUT,10500,83.8
24-Jun-2020,10:48,combination,Buy,PUT,10500,83.8
24-Jun-2020,10:49,bb1sd,Sell,NIFTY,,10492.2
24-Jun-2020,10:49,stochastic,Sell,NIFTY,,10492.2
24-Jun-2020,10:49,combination,Sell,NIFTY,,10492.2
24-Jun-2020,10:49,bb1sd,Sell,CALL,10550,45
24-Jun-2020,10:49,stochastic,Sell,CALL,10550,45
24-Jun-2020,10:49,combination,Sell,CALL,10550,45
24-Jun-2020,10:49,bb1sd,Buy,PUT,10500,86.65
24-Jun-2020,10:49,stochastic,Buy,PUT,10500,86.65
24-Jun-2020,10:49,combination,Buy,PUT,10500,86.65
24-Jun-2020,10:50,bb1sd,Sell,NIFTY,,10495.75
24-Jun-2020,10:50,stochastic,Sell,NIFTY,,10495.75
24-Jun-2020,10:50,combination,Sell,NIFTY,,10495.75
24-Jun-2020,10:50,bb1sd,Sell,CALL,10550,45.9
24-Jun-2020,10:50,stochastic,Sell,CALL,10550,45.9
24-Jun-2020,10:50,combination,Sell,CALL,10550,45.9
24-Jun-2020,10:50,stochastic,Buy,PUT,10500,87.25
24-Jun-2020,10:50,bb1sd,Buy,PUT,10500,87.25
24-Jun-2020,10:50,combination,Buy,PUT,10500,87.25
24-Jun-2020,10:51,sma5,Buy,NIFTY,,10506.1
24-Jun-2020,10:51,sma5,Buy,CALL,10550,48.55
24-Jun-2020,10:51,sma5,Sell,PUT,10500,81.35
24-Jun-2020,10:52,stochastic,Sell,NIFTY,,10500.4
24-Jun-2020,10:52,stochastic,Buy,PUT,10500,83.45
24-Jun-2020,10:52,combination,Buy,PUT,10500,83.45
24-Jun-2020,10:52,stochastic,Sell,CALL,10550,47.8
24-Jun-2020,10:52,bb1sd,Buy,PUT,10500,83.45
24-Jun-2020,10:53,sma5,Sell,NIFTY,,10492.15
24-Jun-2020,10:53,bb1sd,Sell,NIFTY,,10492.15
24-Jun-2020,10:53,stochastic,Sell,NIFTY,,10492.15
24-Jun-2020,10:53,combination,Sell,NIFTY,,10492.15
24-Jun-2020,10:53,sma5,Sell,CALL,10550,45.75
24-Jun-2020,10:53,bb1sd,Sell,CALL,10550,45.75
24-Jun-2020,10:53,stochastic,Sell,CALL,10550,45.75
24-Jun-2020,10:53,combination,Sell,CALL,10550,45.75
24-Jun-2020,10:53,sma5,Buy,PUT,10500,87.75
24-Jun-2020,10:53,bb1sd,Buy,PUT,10500,87.75
24-Jun-2020,10:53,stochastic,Buy,PUT,10500,87.75
24-Jun-2020,10:53,combination,Buy,PUT,10500,87.75
24-Jun-2020,10:54,bb1sd,Sell,NIFTY,,10485.75
24-Jun-2020,10:54,stochastic,Sell,NIFTY,,10485.75
24-Jun-2020,10:54,combination,Sell,NIFTY,,10485.75
24-Jun-2020,10:54,bb1sd,Sell,CALL,10550,43.15
24-Jun-2020,10:54,stochastic,Sell,CALL,10550,43.15
24-Jun-2020,10:54,combination,Sell,CALL,10550,43.15
24-Jun-2020,10:54,bb1sd,Buy,PUT,10500,90.8
24-Jun-2020,10:54,stochastic,Buy,PUT,10500,90.8
24-Jun-2020,10:54,combination,Buy,PUT,10500,90.8
24-Jun-2020,10:55,bb1sd,Sell,NIFTY,,10480.5
24-Jun-2020,10:55,stochastic,Sell,NIFTY,,10480.5
24-Jun-2020,10:55,combination,Sell,NIFTY,,10480.5
24-Jun-2020,10:55,bb1sd,Sell,CALL,10550,40.45
24-Jun-2020,10:55,bb2sd,Sell,CALL,10550,40.45
24-Jun-2020,10:55,stochastic,Sell,CALL,10550,40.45
24-Jun-2020,10:55,combination,Sell,CALL,10550,40.45
24-Jun-2020,10:55,bb1sd,Buy,PUT,10500,96.15
24-Jun-2020,10:55,bb2sd,Buy,PUT,10500,96.15
24-Jun-2020,10:55,stochastic,Buy,PUT,10500,96.15
24-Jun-2020,10:55,combination,Buy,PUT,10500,96.15
24-Jun-2020,10:56,bb1sd,Sell,NIFTY,,10484
24-Jun-2020,10:56,stochastic,Sell,NIFTY,,10484
24-Jun-2020,10:56,combination,Sell,NIFTY,,10484
24-Jun-2020,10:56,bb1sd,Sell,CALL,10550,43.35
24-Jun-2020,10:56,bb1sd,Buy,PUT,10500,92
24-Jun-2020,10:56,stochastic,Buy,PUT,10500,92
24-Jun-2020,10:56,combination,Buy,PUT,10500,92
24-Jun-2020,10:57,sma5,Buy,NIFTY,,10487.55
24-Jun-2020,10:57,bb1sd,Sell,NIFTY,,10487.55
24-Jun-2020,10:57,stochastic,Sell,NIFTY,,10487.55
24-Jun-2020,10:57,combination,Sell,NIFTY,,10487.55
24-Jun-2020,10:57,bb1sd,Sell,CALL,10550,43.5
24-Jun-2020,10:57,bb1sd,Buy,PUT,10500,92.7
24-Jun-2020,10:57,stochastic,Buy,PUT,10500,92.7
24-Jun-2020,10:57,combination,Buy,PUT,10500,92.7
24-Jun-2020,10:58,sma5,Sell,NIFTY,,10471.9
24-Jun-2020,10:58,bb1sd,Sell,NIFTY,,10471.9
24-Jun-2020,10:58,bb2sd,Sell,NIFTY,,10471.9
24-Jun-2020,10:58,stochastic,Sell,NIFTY,,10471.9
24-Jun-2020,10:58,combination,Sell,NIFTY,,10471.9
24-Jun-2020,10:58,sma5,Sell,CALL,10550,41.15
24-Jun-2020,10:58,bb1sd,Sell,CALL,10550,41.15
24-Jun-2020,10:58,stochastic,Sell,CALL,10550,41.15
24-Jun-2020,10:58,combination,Sell,CALL,10550,41.15
24-Jun-2020,10:58,sma5,Buy,PUT,10500,101.4
24-Jun-2020,10:58,bb1sd,Buy,PUT,10500,101.4
24-Jun-2020,10:58,bb2sd,Buy,PUT,10500,101.4
24-Jun-2020,10:58,stochastic,Buy,PUT,10500,101.4
24-Jun-2020,10:58,combination,Buy,PUT,10500,101.4
24-Jun-2020,10:59,bb1sd,Sell,NIFTY,,10461.55
24-Jun-2020,10:59,bb2sd,Sell,NIFTY,,10461.55
24-Jun-2020,10:59,stochastic,Sell,NIFTY,,10461.55
24-Jun-2020,10:59,combination,Sell,NIFTY,,10461.55
24-Jun-2020,10:59,sma5,Sell,CALL,10550,36.9
24-Jun-2020,10:59,bb1sd,Sell,CALL,10550,36.9
24-Jun-2020,10:59,bb2sd,Sell,CALL,10550,36.9
24-Jun-2020,10:59,stochastic,Sell,CALL,10550,36.9
24-Jun-2020,10:59,combination,Sell,CALL,10550,36.9
24-Jun-2020,10:59,bb1sd,Buy,PUT,10500,104.45
24-Jun-2020,10:59,bb2sd,Buy,PUT,10500,104.45
24-Jun-2020,10:59,stochastic,Buy,PUT,10500,104.45
24-Jun-2020,10:59,combination,Buy,PUT,10500,104.45
24-Jun-2020,11:00,bb1sd,Sell,NIFTY,,10456.9
24-Jun-2020,11:00,bb2sd,Sell,NIFTY,,10456.9
24-Jun-2020,11:00,stochastic,Sell,NIFTY,,10456.9
24-Jun-2020,11:00,combination,Sell,NIFTY,,10456.9
24-Jun-2020,11:00,bb1sd,Sell,CALL,10550,32.65
24-Jun-2020,11:00,bb2sd,Sell,CALL,10550,32.65
24-Jun-2020,11:00,stochastic,Sell,CALL,10550,32.65
24-Jun-2020,11:00,combination,Sell,CALL,10550,32.65
24-Jun-2020,11:00,bb1sd,Buy,PUT,10500,105.55
24-Jun-2020,11:00,bb2sd,Buy,PUT,10500,105.55
24-Jun-2020,11:00,stochastic,Buy,PUT,10500,105.55
24-Jun-2020,11:00,combination,Buy,PUT,10500,105.55
24-Jun-2020,11:01,bb1sd,Sell,NIFTY,,10458.2
24-Jun-2020,11:01,stochastic,Sell,NIFTY,,10458.2
24-Jun-2020,11:01,combination,Sell,NIFTY,,10458.2
24-Jun-2020,11:01,bb1sd,Sell,CALL,10550,33.3
24-Jun-2020,11:01,bb2sd,Sell,CALL,10550,33.3
24-Jun-2020,11:01,stochastic,Sell,CALL,10550,33.3
24-Jun-2020,11:01,combination,Sell,CALL,10550,33.3
24-Jun-2020,11:01,bb1sd,Buy,PUT,10500,106.45
24-Jun-2020,11:01,stochastic,Buy,PUT,10500,106.45
24-Jun-2020,11:01,combination,Buy,PUT,10500,106.45
24-Jun-2020,11:02,sma5,Buy,NIFTY,,10466.5
24-Jun-2020,11:02,bb1sd,Sell,NIFTY,,10466.5
24-Jun-2020,11:02,stochastic,Sell,NIFTY,,10466.5
24-Jun-2020,11:02,combination,Sell,NIFTY,,10466.5
24-Jun-2020,11:02,bb1sd,Sell,CALL,10550,34.95
24-Jun-2020,11:02,stochastic,Sell,CALL,10550,34.95
24-Jun-2020,11:02,combination,Sell,CALL,10550,34.95
24-Jun-2020,11:02,sma5,Sell,PUT,10500,103.85
24-Jun-2020,11:02,bb1sd,Buy,PUT,10500,103.85
24-Jun-2020,11:02,stochastic,Buy,PUT,10500,103.85
24-Jun-2020,11:02,combination,Buy,PUT,10500,103.85
24-Jun-2020,11:03,sma5,Buy,CALL,10550,37.4
24-Jun-2020,11:03,bb1sd,Sell,CALL,10550,37.4
24-Jun-2020,11:06,sma5,Sell,CALL,10550,37.5
24-Jun-2020,11:06,sma5,Sell,NIFTY,,10472.65
24-Jun-2020,11:07,sma5,Buy,PUT,10500,103.1
24-Jun-2020,11:07,bb1sd,Buy,PUT,10500,103.1
24-Jun-2020,11:08,sma5,Buy,NIFTY,,10483.9
24-Jun-2020,11:08,sma20,Buy,NIFTY,,10483.9
24-Jun-2020,11:08,sma5,Sell,PUT,10500,94
24-Jun-2020,11:08,sma20,Sell,PUT,10500,94
24-Jun-2020,11:08,sma5,Buy,CALL,10550,40
24-Jun-2020,11:11,bb1sd,Buy,NIFTY,,10491
24-Jun-2020,11:12,sma5,Sell,NIFTY,,10483.9
24-Jun-2020,11:12,sma5,Sell,CALL,10550,39.95
24-Jun-2020,11:12,sma20,Sell,CALL,10550,39.95
24-Jun-2020,11:12,sma5,Buy,PUT,10500,95.1
24-Jun-2020,11:14,sma20,Sell,CALL,10550,38.2
24-Jun-2020,11:15,sma20,Sell,NIFTY,,10471.2
24-Jun-2020,11:17,sma5,Sell,CALL,10550,37.65
24-Jun-2020,11:17,sma20,Sell,CALL,10550,37.65
24-Jun-2020,11:17,sma5,Buy,PUT,10500,103.15
24-Jun-2020,11:17,sma20,Sell,NIFTY,,10473.6
24-Jun-2020,11:17,sma20,Buy,PUT,10500,103.15
24-Jun-2020,11:20,sma5,Buy,NIFTY,,10479.7
24-Jun-2020,11:20,sma20,Buy,NIFTY,,10479.7
24-Jun-2020,11:20,sma5,Sell,PUT,10500,97.35
24-Jun-2020,11:20,sma20,Sell,PUT,10500,97.35
24-Jun-2020,11:21,bb1sd,Buy,NIFTY,,10487.1
24-Jun-2020,11:21,bb1sd,Buy,CALL,10550,40.1
24-Jun-2020,11:21,sma20,Buy,CALL,10550,40.1
24-Jun-2020,11:24,sma5,Sell,NIFTY,,10479.85
24-Jun-2020,11:24,sma20,Sell,NIFTY,,10479.85
24-Jun-2020,11:24,sma5,Sell,CALL,10550,38.35
24-Jun-2020,11:24,sma20,Sell,CALL,10550,38.35
24-Jun-2020,11:24,sma20,Buy,PUT,10500,99
24-Jun-2020,11:25,sma20,Buy,NIFTY,,10480.75
24-Jun-2020,11:25,sma20,Buy,CALL,10550,39.55
24-Jun-2020,11:25,sma5,Buy,CALL,10550,39.55
24-Jun-2020,11:26,sma5,Sell,NIFTY,,10471.95
24-Jun-2020,11:26,bb1sd,Sell,NIFTY,,10471.95
24-Jun-2020,11:26,sma5,Sell,CALL,10550,36.1
24-Jun-2020,11:26,bb1sd,Sell,CALL,10550,36.1
24-Jun-2020,11:26,sma20,Sell,CALL,10550,36.1
24-Jun-2020,11:26,sma5,Buy,PUT,10500,103.35
24-Jun-2020,11:26,bb1sd,Buy,PUT,10500,103.35
24-Jun-2020,11:26,sma20,Sell,NIFTY,,10471.95
24-Jun-2020,11:27,sma5,Buy,NIFTY,,10481.8
24-Jun-2020,11:27,sma20,Buy,NIFTY,,10481.8
24-Jun-2020,11:27,sma5,Sell,PUT,10500,98.45
24-Jun-2020,11:29,sma20,Sell,NIFTY,,10480.85
24-Jun-2020,11:29,sma5,Buy,PUT,10500,100.55
24-Jun-2020,11:30,sma5,Sell,NIFTY,,10477.55
24-Jun-2020,11:30,sma20,Sell,NIFTY,,10477.55
24-Jun-2020,11:30,sma5,Sell,CALL,10550,37.8
24-Jun-2020,11:30,sma5,Sell,PUT,10500,99.7
24-Jun-2020,11:31,sma5,Sell,NIFTY,,10473.05
24-Jun-2020,11:31,bb1sd,Sell,NIFTY,,10473.05
24-Jun-2020,11:31,sma5,Buy,PUT,10500,102
24-Jun-2020,11:31,bb1sd,Buy,PUT,10500,102
24-Jun-2020,11:33,sma5,Sell,NIFTY,,10464.9
24-Jun-2020,11:33,bb1sd,Sell,NIFTY,,10464.9
24-Jun-2020,11:33,bb2sd,Sell,NIFTY,,10464.9
24-Jun-2020,11:33,stochastic,Sell,NIFTY,,10464.9
24-Jun-2020,11:33,combination,Sell,NIFTY,,10464.9
24-Jun-2020,11:33,sma5,Sell,CALL,10550,35.5
24-Jun-2020,11:33,bb1sd,Sell,CALL,10550,35.5
24-Jun-2020,11:33,bb2sd,Sell,CALL,10550,35.5
24-Jun-2020,11:33,sma5,Buy,PUT,10500,106.5
24-Jun-2020,11:33,bb1sd,Buy,PUT,10500,106.5
24-Jun-2020,11:33,bb2sd,Buy,PUT,10500,106.5
24-Jun-2020,11:33,stochastic,Buy,PUT,10500,106.5
24-Jun-2020,11:33,combination,Buy,PUT,10500,106.5
24-Jun-2020,11:34,bb1sd,Sell,NIFTY,,10457.1
24-Jun-2020,11:34,bb2sd,Sell,NIFTY,,10457.1
24-Jun-2020,11:34,stochastic,Sell,NIFTY,,10457.1
24-Jun-2020,11:34,combination,Sell,NIFTY,,10457.1
24-Jun-2020,11:34,bb1sd,Sell,CALL,10550,32.4
24-Jun-2020,11:34,bb2sd,Sell,CALL,10550,32.4
24-Jun-2020,11:34,stochastic,Sell,CALL,10550,32.4
24-Jun-2020,11:34,combination,Sell,CALL,10550,32.4
24-Jun-2020,11:34,bb1sd,Buy,PUT,10500,111.5
24-Jun-2020,11:34,bb2sd,Buy,PUT,10500,111.5
24-Jun-2020,11:34,stochastic,Buy,PUT,10500,111.5
24-Jun-2020,11:34,combination,Buy,PUT,10500,111.5
24-Jun-2020,11:35,bb1sd,Sell,NIFTY,,10455.8
24-Jun-2020,11:35,bb2sd,Sell,NIFTY,,10455.8
24-Jun-2020,11:35,stochastic,Sell,NIFTY,,10455.8
24-Jun-2020,11:35,combination,Sell,NIFTY,,10455.8
24-Jun-2020,11:35,bb1sd,Sell,CALL,10550,32.5
24-Jun-2020,11:35,bb2sd,Sell,CALL,10550,32.5
24-Jun-2020,11:35,stochastic,Sell,CALL,10550,32.5
24-Jun-2020,11:35,combination,Sell,CALL,10550,32.5
24-Jun-2020,11:35,bb1sd,Buy,PUT,10500,110.95
24-Jun-2020,11:35,bb2sd,Buy,PUT,10500,110.95
24-Jun-2020,11:35,stochastic,Buy,PUT,10500,110.95
24-Jun-2020,11:35,combination,Buy,PUT,10500,110.95
24-Jun-2020,11:36,bb1sd,Sell,NIFTY,,10450.5
24-Jun-2020,11:36,bb2sd,Sell,NIFTY,,10450.5
24-Jun-2020,11:36,stochastic,Sell,NIFTY,,10450.5
24-Jun-2020,11:36,combination,Sell,NIFTY,,10450.5
24-Jun-2020,11:36,bb1sd,Sell,CALL,10550,31.85
24-Jun-2020,11:36,bb2sd,Sell,CALL,10550,31.85
24-Jun-2020,11:36,stochastic,Sell,CALL,10550,31.85
24-Jun-2020,11:36,combination,Sell,CALL,10550,31.85
24-Jun-2020,11:36,bb1sd,Buy,PUT,10500,114.3
24-Jun-2020,11:36,bb2sd,Buy,PUT,10500,114.3
24-Jun-2020,11:36,stochastic,Buy,PUT,10500,114.3
24-Jun-2020,11:36,combination,Buy,PUT,10500,114.3
24-Jun-2020,11:37,bb1sd,Sell,NIFTY,,10449.1
24-Jun-2020,11:37,bb2sd,Sell,NIFTY,,10449.1
24-Jun-2020,11:37,stochastic,Sell,NIFTY,,10449.1
24-Jun-2020,11:37,combination,Sell,NIFTY,,10449.1
24-Jun-2020,11:37,bb1sd,Sell,CALL,10550,30
24-Jun-2020,11:37,bb2sd,Sell,CALL,10550,30
24-Jun-2020,11:37,stochastic,Sell,CALL,10550,30
24-Jun-2020,11:37,combination,Sell,CALL,10550,30
24-Jun-2020,11:37,stochastic,Buy,PUT,10500,113.55
24-Jun-2020,11:37,combination,Buy,PUT,10500,113.55
24-Jun-2020,11:37,bb1sd,Buy,PUT,10500,113.55
24-Jun-2020,11:38,bb1sd,Sell,NIFTY,,10450.1
24-Jun-2020,11:38,stochastic,Sell,NIFTY,,10450.1
24-Jun-2020,11:38,combination,Sell,NIFTY,,10450.1
24-Jun-2020,11:38,bb1sd,Sell,CALL,10550,31.8
24-Jun-2020,11:38,stochastic,Sell,CALL,10550,31.8
24-Jun-2020,11:38,combination,Sell,CALL,10550,31.8
24-Jun-2020,11:38,sma5,Sell,PUT,10500,111.35
24-Jun-2020,11:38,bb1sd,Buy,PUT,10500,111.35
24-Jun-2020,11:38,stochastic,Buy,PUT,10500,111.35
24-Jun-2020,11:38,combination,Buy,PUT,10500,111.35
24-Jun-2020,11:39,bb1sd,Sell,CALL,10550,32.8
24-Jun-2020,11:39,sma5,Buy,NIFTY,,10461.4
24-Jun-2020,11:39,sma5,Buy,CALL,10550,32.8
24-Jun-2020,11:40,sma5,Sell,NIFTY,,10451.6
24-Jun-2020,11:40,bb1sd,Sell,NIFTY,,10451.6
24-Jun-2020,11:40,stochastic,Sell,NIFTY,,10451.6
24-Jun-2020,11:40,combination,Sell,NIFTY,,10451.6
24-Jun-2020,11:40,sma5,Sell,CALL,10550,31.95
24-Jun-2020,11:40,bb1sd,Sell,CALL,10550,31.95
24-Jun-2020,11:40,sma5,Buy,PUT,10500,113.25
24-Jun-2020,11:40,bb1sd,Buy,PUT,10500,113.25
24-Jun-2020,11:40,stochastic,Buy,PUT,10500,113.25
24-Jun-2020,11:40,combination,Buy,PUT,10500,113.25
24-Jun-2020,11:41,bb1sd,Sell,NIFTY,,10447.1
24-Jun-2020,11:41,stochastic,Sell,NIFTY,,10447.1
24-Jun-2020,11:41,combination,Sell,NIFTY,,10447.1
24-Jun-2020,11:41,sma5,Sell,CALL,10550,30.55
24-Jun-2020,11:41,bb1sd,Sell,CALL,10550,30.55
24-Jun-2020,11:41,stochastic,Sell,CALL,10550,30.55
24-Jun-2020,11:41,combination,Sell,CALL,10550,30.55
24-Jun-2020,11:41,bb1sd,Buy,PUT,10500,113.8
24-Jun-2020,11:41,stochastic,Buy,PUT,10500,113.8
24-Jun-2020,11:41,combination,Buy,PUT,10500,113.8
24-Jun-2020,11:42,bb1sd,Sell,NIFTY,,10444.25
24-Jun-2020,11:42,stochastic,Sell,NIFTY,,10444.25
24-Jun-2020,11:42,combination,Sell,NIFTY,,10444.25
24-Jun-2020,11:42,bb1sd,Sell,CALL,10550,30.6
24-Jun-2020,11:42,stochastic,Sell,CALL,10550,30.6
24-Jun-2020,11:42,combination,Sell,CALL,10550,30.6
24-Jun-2020,11:42,bb1sd,Buy,PUT,10500,117.85
24-Jun-2020,11:42,stochastic,Buy,PUT,10500,117.85
24-Jun-2020,11:42,combination,Buy,PUT,10500,117.85
24-Jun-2020,11:43,stochastic,Sell,NIFTY,,10445.9
24-Jun-2020,11:43,combination,Sell,NIFTY,,10445.9
24-Jun-2020,11:43,bb1sd,Sell,CALL,10550,30.75
24-Jun-2020,11:43,stochastic,Sell,CALL,10550,30.75
24-Jun-2020,11:43,combination,Sell,CALL,10550,30.75
24-Jun-2020,11:43,bb1sd,Buy,PUT,10500,113.4
24-Jun-2020,11:43,bb1sd,Sell,NIFTY,,10445.9
24-Jun-2020,11:44,bb1sd,Sell,NIFTY,,10441.6
24-Jun-2020,11:44,stochastic,Sell,NIFTY,,10441.6
24-Jun-2020,11:44,combination,Sell,NIFTY,,10441.6
24-Jun-2020,11:44,bb1sd,Sell,CALL,10550,29.2
24-Jun-2020,11:44,stochastic,Sell,CALL,10550,29.2
24-Jun-2020,11:44,combination,Sell,CALL,10550,29.2
24-Jun-2020,11:44,sma5,Buy,PUT,10500,117
24-Jun-2020,11:44,bb1sd,Buy,PUT,10500,117
24-Jun-2020,11:44,stochastic,Buy,PUT,10500,117
24-Jun-2020,11:44,combination,Buy,PUT,10500,117
24-Jun-2020,11:45,bb1sd,Sell,NIFTY,,10443.15
24-Jun-2020,11:45,stochastic,Sell,NIFTY,,10443.15
24-Jun-2020,11:45,combination,Sell,NIFTY,,10443.15
24-Jun-2020,11:45,sma5,Buy,CALL,10550,30.45
24-Jun-2020,11:45,stochastic,Sell,CALL,10550,30.45
24-Jun-2020,11:45,bb1sd,Buy,PUT,10500,115.35
24-Jun-2020,11:45,stochastic,Buy,PUT,10500,115.35
24-Jun-2020,11:45,combination,Buy,PUT,10500,115.35
24-Jun-2020,11:46,stochastic,Sell,NIFTY,,10447.7
24-Jun-2020,11:46,sma5,Buy,NIFTY,,10447.7
24-Jun-2020,11:46,sma5,Sell,PUT,10500,113.7
24-Jun-2020,11:47,sma20,Sell,PUT,10500,109.2
24-Jun-2020,11:48,sma20,Buy,CALL,10550,34.15
24-Jun-2020,11:48,sma20,Buy,NIFTY,,10461.1
24-Jun-2020,11:50,sma5,Buy,PUT,10500,109.55
24-Jun-2020,11:51,sma5,Buy,NIFTY,,10462.9
24-Jun-2020,11:51,bb1sd,Buy,CALL,10550,34.5
24-Jun-2020,11:51,sma5,Sell,PUT,10500,105.05
24-Jun-2020,11:51,bb1sd,Sell,PUT,10500,105.05
24-Jun-2020,11:51,sma5,Buy,CALL,10550,34.5
24-Jun-2020,11:52,bb1sd,Buy,NIFTY,,10466.75
24-Jun-2020,11:52,bb1sd,Buy,CALL,10550,35.05
24-Jun-2020,11:52,bb1sd,Sell,PUT,10500,104.8
24-Jun-2020,11:53,bb1sd,Buy,NIFTY,,10462.2
24-Jun-2020,11:53,stochastic,Buy,NIFTY,,10462.2
24-Jun-2020,11:53,combination,Buy,NIFTY,,10462.2
24-Jun-2020,11:53,stochastic,Buy,CALL,10550,34.7
24-Jun-2020,11:53,combination,Buy,CALL,10550,34.7
24-Jun-2020,11:53,stochastic,Sell,PUT,10500,105.45
24-Jun-2020,11:53,bb1sd,Sell,PUT,10500,105.45
24-Jun-2020,11:53,bb1sd,Buy,CALL,10550,34.7
24-Jun-2020,11:53,combination,Sell,PUT,10500,105.45
24-Jun-2020,11:54,sma5,Sell,CALL,10550,33.4
24-Jun-2020,11:54,sma5,Sell,NIFTY,,10457.75
24-Jun-2020,11:54,sma5,Buy,PUT,10500,108.6
24-Jun-2020,11:55,sma20,Sell,NIFTY,,10450.35
24-Jun-2020,11:55,bb1sd,Sell,CALL,10550,30.85
24-Jun-2020,11:55,sma20,Sell,CALL,10550,30.85
24-Jun-2020,11:55,sma20,Buy,PUT,10500,114.6
24-Jun-2020,11:56,sma20,Buy,NIFTY,,10455.5
24-Jun-2020,11:57,sma5,Sell,NIFTY,,10450.6
24-Jun-2020,11:57,sma20,Sell,NIFTY,,10450.6
24-Jun-2020,11:57,bb1sd,Sell,CALL,10550,30.9
24-Jun-2020,11:58,sma5,Buy,NIFTY,,10456.6
24-Jun-2020,11:58,sma20,Buy,NIFTY,,10456.6
24-Jun-2020,11:58,sma5,Buy,CALL,10550,32.05
24-Jun-2020,11:58,sma20,Buy,CALL,10550,32.05
24-Jun-2020,11:58,sma5,Sell,PUT,10500,109.8
24-Jun-2020,11:58,sma20,Sell,PUT,10500,109.8
24-Jun-2020,12:01,sma5,Sell,PUT,10500,106.05
24-Jun-2020,12:01,bb1sd,Sell,PUT,10500,106.05
24-Jun-2020,12:01,sma5,Buy,NIFTY,,10460.8
24-Jun-2020,12:02,stochastic,Sell,PUT,10500,106.1
24-Jun-2020,12:03,sma5,Sell,NIFTY,,10458.8
24-Jun-2020,12:04,stochastic,Sell,PUT,10500,105.25
24-Jun-2020,12:04,sma5,Sell,PUT,10500,105.25
24-Jun-2020,12:04,bb1sd,Sell,PUT,10500,105.25
24-Jun-2020,12:04,combination,Sell,PUT,10500,105.25
24-Jun-2020,12:04,sma5,Buy,NIFTY,,10460.35
24-Jun-2020,12:05,sma20,Sell,NIFTY,,10457.85
24-Jun-2020,12:05,sma5,Sell,NIFTY,,10457.85
24-Jun-2020,12:05,sma5,Sell,CALL,10550,32.3
24-Jun-2020,12:05,sma20,Sell,CALL,10550,32.3
24-Jun-2020,12:05,sma5,Buy,PUT,10500,108.2
24-Jun-2020,12:06,sma5,Buy,NIFTY,,10466.1
24-Jun-2020,12:06,bb1sd,Buy,NIFTY,,10466.1
24-Jun-2020,12:06,sma20,Buy,NIFTY,,10466.1
24-Jun-2020,12:06,sma5,Buy,CALL,10550,33.6
24-Jun-2020,12:06,sma20,Buy,CALL,10550,33.6
24-Jun-2020,12:06,sma5,Sell,PUT,10500,105.35
24-Jun-2020,12:06,bb1sd,Sell,PUT,10500,105.35
24-Jun-2020,12:06,combination,Sell,PUT,10500,105.35
24-Jun-2020,12:06,sma20,Sell,PUT,10500,105.35
24-Jun-2020,12:06,stochastic,Sell,PUT,10500,105.35
24-Jun-2020,12:07,combination,Sell,PUT,10500,104.65
24-Jun-2020,12:07,bb1sd,Buy,NIFTY,,10464.25
24-Jun-2020,12:07,bb1sd,Sell,PUT,10500,104.65
24-Jun-2020,12:07,stochastic,Sell,PUT,10500,104.65
24-Jun-2020,12:08,bb1sd,Buy,NIFTY,,10468.75
24-Jun-2020,12:08,stochastic,Buy,NIFTY,,10468.75
24-Jun-2020,12:08,sma5,Buy,CALL,10550,34.2
24-Jun-2020,12:08,bb1sd,Buy,CALL,10550,34.2
24-Jun-2020,12:08,bb1sd,Sell,PUT,10500,103.4
24-Jun-2020,12:08,stochastic,Sell,PUT,10500,103.4
24-Jun-2020,12:08,combination,Buy,NIFTY,,10468.75
24-Jun-2020,12:08,combination,Sell,PUT,10500,103.4
24-Jun-2020,12:09,bb1sd,Buy,NIFTY,,10473.75
24-Jun-2020,12:09,bb2sd,Buy,NIFTY,,10473.75
24-Jun-2020,12:09,stochastic,Buy,NIFTY,,10473.75
24-Jun-2020,12:09,combination,Buy,NIFTY,,10473.75
24-Jun-2020,12:09,bb1sd,Buy,CALL,10550,37.65
24-Jun-2020,12:09,stochastic,Buy,CALL,10550,37.65
24-Jun-2020,12:09,combination,Buy,CALL,10550,37.65
24-Jun-2020,12:09,sma5,Sell,PUT,10500,94.5
24-Jun-2020,12:09,bb1sd,Sell,PUT,10500,94.5
24-Jun-2020,12:09,bb2sd,Sell,PUT,10500,94.5
24-Jun-2020,12:09,combination,Sell,PUT,10500,94.5
24-Jun-2020,12:09,bb2sd,Buy,CALL,10550,37.65
24-Jun-2020,12:09,stochastic,Sell,PUT,10500,94.5
24-Jun-2020,12:10,bb1sd,Buy,NIFTY,,10477.65
24-Jun-2020,12:10,bb2sd,Buy,NIFTY,,10477.65
24-Jun-2020,12:10,stochastic,Buy,NIFTY,,10477.65
24-Jun-2020,12:10,combination,Buy,NIFTY,,10477.65
24-Jun-2020,12:10,bb1sd,Buy,CALL,10550,39.3
24-Jun-2020,12:10,bb2sd,Buy,CALL,10550,39.3
24-Jun-2020,12:10,stochastic,Buy,CALL,10550,39.3
24-Jun-2020,12:10,combination,Buy,CALL,10550,39.3
24-Jun-2020,12:10,bb1sd,Sell,PUT,10500,91.65
24-Jun-2020,12:10,bb2sd,Sell,PUT,10500,91.65
24-Jun-2020,12:10,stochastic,Sell,PUT,10500,91.65
24-Jun-2020,12:10,combination,Sell,PUT,10500,91.65
24-Jun-2020,12:11,bb1sd,Buy,NIFTY,,10475.5
24-Jun-2020,12:11,stochastic,Buy,NIFTY,,10475.5
24-Jun-2020,12:11,combination,Buy,NIFTY,,10475.5
24-Jun-2020,12:11,bb1sd,Buy,CALL,10550,38.45
24-Jun-2020,12:11,bb2sd,Buy,CALL,10550,38.45
24-Jun-2020,12:11,combination,Buy,CALL,10550,38.45
24-Jun-2020,12:11,stochastic,Sell,PUT,10500,95.45
24-Jun-2020,12:11,combination,Sell,PUT,10500,95.45
24-Jun-2020,12:11,bb1sd,Sell,PUT,10500,95.45
24-Jun-2020,12:11,stochastic,Buy,CALL,10550,38.45
24-Jun-2020,12:12,sma5,Buy,NIFTY,,10485.1
24-Jun-2020,12:12,bb1sd,Buy,NIFTY,,10485.1
24-Jun-2020,12:12,bb2sd,Buy,NIFTY,,10485.1
24-Jun-2020,12:12,stochastic,Buy,NIFTY,,10485.1
24-Jun-2020,12:12,combination,Buy,NIFTY,,10485.1
24-Jun-2020,12:12,bb1sd,Buy,CALL,10550,40.55
24-Jun-2020,12:12,bb2sd,Buy,CALL,10550,40.55
24-Jun-2020,12:12,stochastic,Buy,CALL,10550,40.55
24-Jun-2020,12:12,combination,Buy,CALL,10550,40.55
24-Jun-2020,12:12,sma5,Sell,PUT,10500,90.95
24-Jun-2020,12:12,bb1sd,Sell,PUT,10500,90.95
24-Jun-2020,12:12,bb2sd,Sell,PUT,10500,90.95
24-Jun-2020,12:12,stochastic,Sell,PUT,10500,90.95
24-Jun-2020,12:12,combination,Sell,PUT,10500,90.95
24-Jun-2020,12:13,bb1sd,Buy,NIFTY,,10480
24-Jun-2020,12:13,stochastic,Buy,NIFTY,,10480
24-Jun-2020,12:13,combination,Buy,NIFTY,,10480
24-Jun-2020,12:13,bb1sd,Buy,CALL,10550,39.95
24-Jun-2020,12:13,stochastic,Buy,CALL,10550,39.95
24-Jun-2020,12:13,combination,Buy,CALL,10550,39.95
24-Jun-2020,12:13,bb1sd,Sell,PUT,10500,92.65
24-Jun-2020,12:13,stochastic,Sell,PUT,10500,92.65
24-Jun-2020,12:13,combination,Sell,PUT,10500,92.65
24-Jun-2020,12:14,bb1sd,Buy,NIFTY,,10480.75
24-Jun-2020,12:14,stochastic,Buy,NIFTY,,10480.75
24-Jun-2020,12:14,combination,Buy,NIFTY,,10480.75
24-Jun-2020,12:14,bb1sd,Buy,CALL,10550,39.8
24-Jun-2020,12:14,stochastic,Buy,CALL,10550,39.8
24-Jun-2020,12:14,combination,Buy,CALL,10550,39.8
24-Jun-2020,12:14,sma5,Buy,PUT,10500,93.25
24-Jun-2020,12:14,stochastic,Sell,PUT,10500,93.25
24-Jun-2020,12:14,bb1sd,Sell,PUT,10500,93.25
24-Jun-2020,12:14,combination,Sell,PUT,10500,93.25
24-Jun-2020,12:15,sma5,Sell,NIFTY,,10478.95
24-Jun-2020,12:15,stochastic,Buy,NIFTY,,10478.95
24-Jun-2020,12:15,stochastic,Buy,CALL,10550,38.85
24-Jun-2020,12:15,bb1sd,Sell,PUT,10500,93.85
24-Jun-2020,12:15,combination,Sell,PUT,10500,93.85
24-Jun-2020,12:15,bb1sd,Buy,CALL,10550,38.85
24-Jun-2020,12:15,combination,Buy,CALL,10550,38.85
24-Jun-2020,12:15,combination,Buy,NIFTY,,10478.95
24-Jun-2020,12:15,stochastic,Sell,PUT,10500,93.85
24-Jun-2020,12:15,bb1sd,Buy,NIFTY,,10478.95
24-Jun-2020,12:16,sma5,Buy,NIFTY,,10481.5
24-Jun-2020,12:16,bb1sd,Buy,NIFTY,,10481.5
24-Jun-2020,12:16,stochastic,Buy,NIFTY,,10481.5
24-Jun-2020,12:16,combination,Buy,NIFTY,,10481.5
24-Jun-2020,12:16,stochastic,Buy,CALL,10550,39.85
24-Jun-2020,12:16,stochastic,Sell,PUT,10500,91.95
24-Jun-2020,12:16,sma5,Sell,PUT,10500,91.95
24-Jun-2020,12:16,combination,Buy,CALL,10550,39.85
24-Jun-2020,12:16,bb1sd,Buy,CALL,10550,39.85
24-Jun-2020,12:16,bb1sd,Sell,PUT,10500,91.95
24-Jun-2020,12:16,combination,Sell,PUT,10500,91.95
24-Jun-2020,12:17,stochastic,Buy,NIFTY,,10486.15
24-Jun-2020,12:17,combination,Buy,NIFTY,,10486.15
24-Jun-2020,12:17,sma5,Buy,CALL,10550,40.25
24-Jun-2020,12:17,bb1sd,Buy,CALL,10550,40.25
24-Jun-2020,12:17,stochastic,Buy,CALL,10550,40.25
24-Jun-2020,12:17,stochastic,Sell,PUT,10500,88
24-Jun-2020,12:17,combination,Sell,PUT,10500,88
24-Jun-2020,12:17,combination,Buy,CALL,10550,40.25
24-Jun-2020,12:17,bb1sd,Sell,PUT,10500,88
24-Jun-2020,12:17,bb1sd,Buy,NIFTY,,10486.15
24-Jun-2020,12:18,bb1sd,Buy,NIFTY,,10497.55
24-Jun-2020,12:18,bb2sd,Buy,NIFTY,,10497.55
24-Jun-2020,12:18,bb1sd,Sell,PUT,10500,81.85
24-Jun-2020,12:18,bb2sd,Sell,PUT,10500,81.85
24-Jun-2020,12:18,stochastic,Sell,PUT,10500,81.85
24-Jun-2020,12:18,combination,Buy,NIFTY,,10497.55
24-Jun-2020,12:18,stochastic,Buy,NIFTY,,10497.55
24-Jun-2020,12:18,sma5,Buy,CALL,10550,44.35
24-Jun-2020,12:18,bb2sd,Buy,CALL,10550,44.35
24-Jun-2020,12:18,combination,Buy,CALL,10550,44.35
24-Jun-2020,12:18,stochastic,Buy,CALL,10550,44.35
24-Jun-2020,12:18,bb1sd,Buy,CALL,10550,44.35
24-Jun-2020,12:18,combination,Sell,PUT,10500,81.85
24-Jun-2020,12:19,bb1sd,Buy,NIFTY,,10494.1
24-Jun-2020,12:19,stochastic,Buy,NIFTY,,10494.1
24-Jun-2020,12:19,combination,Buy,NIFTY,,10494.1
24-Jun-2020,12:19,bb1sd,Buy,CALL,10550,43.65
24-Jun-2020,12:19,stochastic,Buy,CALL,10550,43.65
24-Jun-2020,12:19,combination,Buy,CALL,10550,43.65
24-Jun-2020,12:19,bb1sd,Sell,PUT,10500,83.65
24-Jun-2020,12:19,stochastic,Sell,PUT,10500,83.65
24-Jun-2020,12:19,combination,Sell,PUT,10500,83.65
24-Jun-2020,12:20,bb1sd,Buy,NIFTY,,10509.5
24-Jun-2020,12:20,bb2sd,Buy,NIFTY,,10509.5
24-Jun-2020,12:20,combination,Buy,NIFTY,,10509.5
24-Jun-2020,12:20,bb1sd,Buy,CALL,10550,47.9
24-Jun-2020,12:20,bb2sd,Buy,CALL,10550,47.9
24-Jun-2020,12:20,stochastic,Buy,CALL,10550,47.9
24-Jun-2020,12:20,combination,Buy,CALL,10550,47.9
24-Jun-2020,12:20,bb1sd,Sell,PUT,10500,74.45
24-Jun-2020,12:20,bb2sd,Sell,PUT,10500,74.45
24-Jun-2020,12:20,stochastic,Sell,PUT,10500,74.45
24-Jun-2020,12:20,stochastic,Buy,NIFTY,,10509.5
24-Jun-2020,12:20,combination,Sell,PUT,10500,74.45
24-Jun-2020,12:21,bb1sd,Buy,NIFTY,,10504.9
24-Jun-2020,12:21,bb1sd,Buy,CALL,10550,47
24-Jun-2020,12:21,stochastic,Buy,CALL,10550,47
24-Jun-2020,12:21,bb1sd,Sell,PUT,10500,77.4
24-Jun-2020,12:21,stochastic,Sell,PUT,10500,77.4
24-Jun-2020,12:21,combination,Buy,NIFTY,,10504.9
24-Jun-2020,12:21,stochastic,Buy,NIFTY,,10504.9
24-Jun-2020,12:21,combination,Buy,CALL,10550,47
24-Jun-2020,12:21,combination,Sell,PUT,10500,77.4
24-Jun-2020,12:22,bb1sd,Buy,NIFTY,,10514.95
24-Jun-2020,12:22,bb2sd,Buy,NIFTY,,10514.95
24-Jun-2020,12:22,stochastic,Buy,NIFTY,,10514.95
24-Jun-2020,12:22,combination,Buy,NIFTY,,10514.95
24-Jun-2020,12:22,bb1sd,Buy,CALL,10550,51.2
24-Jun-2020,12:22,bb2sd,Buy,CALL,10550,51.2
24-Jun-2020,12:22,stochastic,Buy,CALL,10550,51.2
24-Jun-2020,12:22,combination,Buy,CALL,10550,51.2
24-Jun-2020,12:22,bb1sd,Sell,PUT,10500,73.05
24-Jun-2020,12:22,stochastic,Sell,PUT,10500,73.05
24-Jun-2020,12:22,combination,Sell,PUT,10500,73.05
24-Jun-2020,12:23,bb1sd,Buy,NIFTY,,10522.25
24-Jun-2020,12:23,bb2sd,Buy,NIFTY,,10522.25
24-Jun-2020,12:23,stochastic,Buy,NIFTY,,10522.25
24-Jun-2020,12:23,combination,Buy,NIFTY,,10522.25
24-Jun-2020,12:23,bb1sd,Buy,CALL,10550,52.3
24-Jun-2020,12:23,bb2sd,Buy,CALL,10550,52.3
24-Jun-2020,12:23,stochastic,Buy,CALL,10550,52.3
24-Jun-2020,12:23,combination,Buy,CALL,10550,52.3
24-Jun-2020,12:23,bb1sd,Sell,PUT,10500,67.95
24-Jun-2020,12:23,bb2sd,Sell,PUT,10500,67.95
24-Jun-2020,12:23,stochastic,Sell,PUT,10500,67.95
24-Jun-2020,12:23,combination,Sell,PUT,10500,67.95
24-Jun-2020,12:24,sma5,Sell,NIFTY,,10512.4
24-Jun-2020,12:24,bb1sd,Buy,NIFTY,,10512.4
24-Jun-2020,12:24,stochastic,Buy,NIFTY,,10512.4
24-Jun-2020,12:24,combination,Buy,NIFTY,,10512.4
24-Jun-2020,12:24,sma5,Sell,CALL,10550,49.8
24-Jun-2020,12:24,bb1sd,Buy,CALL,10550,49.8
24-Jun-2020,12:24,stochastic,Buy,CALL,10550,49.8
24-Jun-2020,12:24,combination,Buy,CALL,10550,49.8
24-Jun-2020,12:24,bb1sd,Sell,PUT,10500,71.15
24-Jun-2020,12:24,stochastic,Sell,PUT,10500,71.15
24-Jun-2020,12:24,combination,Sell,PUT,10500,71.15
24-Jun-2020,12:25,sma5,Buy,NIFTY,,10524.3
24-Jun-2020,12:25,bb1sd,Buy,NIFTY,,10524.3
24-Jun-2020,12:25,stochastic,Buy,NIFTY,,10524.3
24-Jun-2020,12:25,combination,Buy,NIFTY,,10524.3
24-Jun-2020,12:25,sma5,Buy,CALL,10550,51.85
24-Jun-2020,12:25,bb1sd,Buy,CALL,10550,51.85
24-Jun-2020,12:25,stochastic,Buy,CALL,10550,51.85
24-Jun-2020,12:25,combination,Buy,CALL,10550,51.85
24-Jun-2020,12:25,sma5,Sell,PUT,10500,67.4
24-Jun-2020,12:25,bb1sd,Sell,PUT,10500,67.4
24-Jun-2020,12:25,stochastic,Sell,PUT,10500,67.4
24-Jun-2020,12:25,combination,Sell,PUT,10500,67.4
24-Jun-2020,12:26,bb1sd,Buy,NIFTY,,10520.55
24-Jun-2020,12:26,stochastic,Buy,NIFTY,,10520.55
24-Jun-2020,12:26,combination,Buy,NIFTY,,10520.55
24-Jun-2020,12:26,sma5,Sell,CALL,10550,50.35
24-Jun-2020,12:26,bb1sd,Buy,CALL,10550,50.35
24-Jun-2020,12:26,stochastic,Buy,CALL,10550,50.35
24-Jun-2020,12:26,combination,Buy,CALL,10550,50.35
24-Jun-2020,12:26,bb1sd,Sell,PUT,10500,69.1
24-Jun-2020,12:26,stochastic,Sell,PUT,10500,69.1
24-Jun-2020,12:26,combination,Sell,PUT,10500,69.1
24-Jun-2020,12:27,sma5,Sell,NIFTY,,10510.85
24-Jun-2020,12:27,sma5,Sell,CALL,10550,47.6
24-Jun-2020,12:27,bb1sd,Sell,PUT,10500,70.65
24-Jun-2020,12:27,stochastic,Sell,PUT,10500,70.65
24-Jun-2020,12:27,combination,Sell,PUT,10500,70.65
24-Jun-2020,12:28,stochastic,Sell,PUT,10500,72.7
24-Jun-2020,12:29,bb1sd,Sell,PUT,10500,70.95
24-Jun-2020,12:29,stochastic,Sell,PUT,10500,70.95
24-Jun-2020,12:29,combination,Sell,PUT,10500,70.95
24-Jun-2020,12:30,sma5,Buy,NIFTY,,10518.95
24-Jun-2020,12:30,bb1sd,Buy,NIFTY,,10518.95
24-Jun-2020,12:30,stochastic,Buy,NIFTY,,10518.95
24-Jun-2020,12:30,combination,Buy,NIFTY,,10518.95
24-Jun-2020,12:30,sma5,Buy,CALL,10550,49.5
24-Jun-2020,12:30,sma5,Sell,PUT,10500,68.85
24-Jun-2020,12:30,bb1sd,Sell,PUT,10500,68.85
24-Jun-2020,12:30,stochastic,Sell,PUT,10500,68.85
24-Jun-2020,12:30,combination,Sell,PUT,10500,68.85
24-Jun-2020,12:31,sma5,Sell,NIFTY,,10508
24-Jun-2020,12:31,sma5,Sell,CALL,10550,46.7
24-Jun-2020,12:31,sma5,Buy,PUT,10500,73.05
24-Jun-2020,12:32,sma20,Sell,NIFTY,,10503.4
24-Jun-2020,12:32,sma20,Sell,CALL,10550,45.05
24-Jun-2020,12:33,sma20,Buy,NIFTY,,10510.1
24-Jun-2020,12:34,sma5,Sell,NIFTY,,10506.25
24-Jun-2020,12:35,sma5,Sell,CALL,10550,43.9
24-Jun-2020,12:35,bb1sd,Sell,CALL,10550,43.9
24-Jun-2020,12:35,sma5,Sell,NIFTY,,10498.5
24-Jun-2020,12:36,sma5,Buy,NIFTY,,10513.05
24-Jun-2020,12:36,sma5,Buy,CALL,10550,47.8
24-Jun-2020,12:36,sma20,Buy,CALL,10550,47.8
24-Jun-2020,12:36,sma5,Sell,PUT,10500,70.35
24-Jun-2020,12:36,sma20,Buy,NIFTY,,10513.05
24-Jun-2020,12:36,sma20,Sell,PUT,10500,70.35
24-Jun-2020,12:37,sma20,Buy,CALL,10550,49.15
24-Jun-2020,12:38,bb1sd,Sell,PUT,10500,68.9
24-Jun-2020,12:38,stochastic,Sell,PUT,10500,68.9
24-Jun-2020,12:38,combination,Sell,PUT,10500,68.9
24-Jun-2020,12:39,bb1sd,Buy,NIFTY,,10520.25
24-Jun-2020,12:39,bb1sd,Buy,CALL,10550,51
24-Jun-2020,12:39,combination,Sell,PUT,10500,68.95
24-Jun-2020,12:39,bb1sd,Sell,PUT,10500,68.95
24-Jun-2020,12:39,stochastic,Sell,PUT,10500,68.95
24-Jun-2020,12:40,bb1sd,Buy,NIFTY,,10524.25
24-Jun-2020,12:40,stochastic,Buy,NIFTY,,10524.25
24-Jun-2020,12:40,combination,Buy,NIFTY,,10524.25
24-Jun-2020,12:40,bb1sd,Buy,CALL,10550,51.65
24-Jun-2020,12:40,stochastic,Buy,CALL,10550,51.65
24-Jun-2020,12:40,combination,Buy,CALL,10550,51.65
24-Jun-2020,12:40,bb1sd,Sell,PUT,10500,67.4
24-Jun-2020,12:40,stochastic,Sell,PUT,10500,67.4
24-Jun-2020,12:40,combination,Sell,PUT,10500,67.4
24-Jun-2020,12:41,bb1sd,Buy,NIFTY,,10524.3
24-Jun-2020,12:41,stochastic,Buy,NIFTY,,10524.3
24-Jun-2020,12:41,combination,Buy,NIFTY,,10524.3
24-Jun-2020,12:41,bb1sd,Buy,CALL,10550,51.85
24-Jun-2020,12:41,stochastic,Buy,CALL,10550,51.85
24-Jun-2020,12:41,combination,Buy,CALL,10550,51.85
24-Jun-2020,12:41,stochastic,Sell,PUT,10500,67.05
24-Jun-2020,12:41,bb1sd,Sell,PUT,10500,67.05
24-Jun-2020,12:41,combination,Sell,PUT,10500,67.05
24-Jun-2020,12:42,stochastic,Buy,NIFTY,,10523.05
24-Jun-2020,12:42,combination,Buy,NIFTY,,10523.05
24-Jun-2020,12:42,bb1sd,Buy,CALL,10550,51
24-Jun-2020,12:42,stochastic,Buy,CALL,10550,51
24-Jun-2020,12:42,combination,Buy,CALL,10550,51
24-Jun-2020,12:42,bb1sd,Buy,NIFTY,,10523.05
24-Jun-2020,12:42,sma5,Buy,PUT,10500,70.15
24-Jun-2020,12:43,sma5,Sell,NIFTY,,10519.65
24-Jun-2020,12:43,stochastic,Buy,NIFTY,,10519.65
24-Jun-2020,12:43,stochastic,Buy,CALL,10550,50.65
24-Jun-2020,12:44,stochastic,Buy,NIFTY,,10521.4
24-Jun-2020,12:44,bb1sd,Buy,CALL,10550,51
24-Jun-2020,12:44,stochastic,Buy,CALL,10550,51
24-Jun-2020,12:44,combination,Buy,CALL,10550,51
24-Jun-2020,12:45,sma5,Sell,NIFTY,,10515.4
24-Jun-2020,12:46,sma5,Buy,NIFTY,,10524.65
24-Jun-2020,12:46,bb1sd,Buy,NIFTY,,10524.65
24-Jun-2020,12:46,stochastic,Buy,NIFTY,,10524.65
24-Jun-2020,12:46,combination,Buy,NIFTY,,10524.65
24-Jun-2020,12:46,sma5,Buy,CALL,10550,51.25
24-Jun-2020,12:46,bb1sd,Buy,CALL,10550,51.25
24-Jun-2020,12:46,stochastic,Buy,CALL,10550,51.25
24-Jun-2020,12:46,combination,Buy,CALL,10550,51.25
24-Jun-2020,12:46,sma5,Sell,PUT,10500,68
24-Jun-2020,12:46,bb1sd,Sell,PUT,10500,68
24-Jun-2020,12:47,bb1sd,Buy,NIFTY,,10531.2
24-Jun-2020,12:47,stochastic,Buy,NIFTY,,10531.2
24-Jun-2020,12:47,combination,Buy,NIFTY,,10531.2
24-Jun-2020,12:47,bb1sd,Buy,CALL,10550,53.7
24-Jun-2020,12:47,stochastic,Buy,CALL,10550,53.7
24-Jun-2020,12:47,combination,Buy,CALL,10550,53.7
24-Jun-2020,12:47,bb1sd,Sell,PUT,10500,65.95
24-Jun-2020,12:47,stochastic,Sell,PUT,10500,65.95
24-Jun-2020,12:47,combination,Sell,PUT,10500,65.95
24-Jun-2020,12:48,bb1sd,Buy,NIFTY,,10527.65
24-Jun-2020,12:48,stochastic,Buy,NIFTY,,10527.65
24-Jun-2020,12:48,stochastic,Buy,CALL,10550,51.95
24-Jun-2020,12:48,bb1sd,Sell,PUT,10500,66.8
24-Jun-2020,12:48,stochastic,Sell,PUT,10500,66.8
24-Jun-2020,12:48,combination,Buy,NIFTY,,10527.65
24-Jun-2020,12:48,combination,Sell,PUT,10500,66.8
24-Jun-2020,12:49,bb1sd,Buy,NIFTY,,10528.6
24-Jun-2020,12:49,stochastic,Buy,NIFTY,,10528.6
24-Jun-2020,12:49,combination,Buy,NIFTY,,10528.6
24-Jun-2020,12:49,sma5,Buy,CALL,10550,52.95
24-Jun-2020,12:49,bb1sd,Buy,CALL,10550,52.95
24-Jun-2020,12:49,stochastic,Buy,CALL,10550,52.95
24-Jun-2020,12:49,combination,Buy,CALL,10550,52.95
24-Jun-2020,12:49,bb1sd,Sell,PUT,10500,66.8
24-Jun-2020,12:49,stochastic,Sell,PUT,10500,66.8
24-Jun-2020,12:49,combination,Sell,PUT,10500,66.8
24-Jun-2020,12:50,sma5,Sell,NIFTY,,10527.45
24-Jun-2020,12:50,bb1sd,Buy,NIFTY,,10527.45
24-Jun-2020,12:50,sma5,Buy,CALL,10550,55
24-Jun-2020,12:50,bb1sd,Buy,CALL,10550,55
24-Jun-2020,12:50,stochastic,Buy,CALL,10550,55
24-Jun-2020,12:50,combination,Buy,CALL,10550,55
24-Jun-2020,12:50,bb1sd,Sell,PUT,10500,66
24-Jun-2020,12:50,stochastic,Sell,PUT,10500,66
24-Jun-2020,12:50,combination,Sell,PUT,10500,66
24-Jun-2020,12:50,stochastic,Buy,NIFTY,,10527.45
24-Jun-2020,12:50,combination,Buy,NIFTY,,10527.45
24-Jun-2020,12:51,sma5,Buy,NIFTY,,10535.4
24-Jun-2020,12:51,bb1sd,Buy,NIFTY,,10535.4
24-Jun-2020,12:51,stochastic,Buy,NIFTY,,10535.4
24-Jun-2020,12:51,combination,Buy,NIFTY,,10535.4
24-Jun-2020,12:51,bb1sd,Buy,CALL,10550,56
24-Jun-2020,12:51,stochastic,Buy,CALL,10550,56
24-Jun-2020,12:51,combination,Buy,CALL,10550,56
24-Jun-2020,12:51,bb1sd,Sell,PUT,10500,64.3
24-Jun-2020,12:51,stochastic,Sell,PUT,10500,64.3
24-Jun-2020,12:51,combination,Sell,PUT,10500,64.3
24-Jun-2020,12:52,bb1sd,Buy,NIFTY,,10534.2
24-Jun-2020,12:52,stochastic,Buy,NIFTY,,10534.2
24-Jun-2020,12:52,combination,Buy,NIFTY,,10534.2
24-Jun-2020,12:52,bb1sd,Buy,CALL,10550,56.9
24-Jun-2020,12:52,stochastic,Buy,CALL,10550,56.9
24-Jun-2020,12:52,combination,Buy,CALL,10550,56.9
24-Jun-2020,12:52,sma5,Buy,PUT,10500,66.1
24-Jun-2020,12:52,stochastic,Sell,PUT,10500,66.1
24-Jun-2020,12:53,bb1sd,Buy,NIFTY,,10533.05
24-Jun-2020,12:53,stochastic,Buy,NIFTY,,10533.05
24-Jun-2020,12:53,combination,Buy,NIFTY,,10533.05
24-Jun-2020,12:53,bb1sd,Buy,CALL,10550,57.25
24-Jun-2020,12:53,stochastic,Buy,CALL,10550,57.25
24-Jun-2020,12:53,combination,Buy,CALL,10550,57.25
24-Jun-2020,12:53,sma5,Sell,PUT,10500,63.4
24-Jun-2020,12:53,bb1sd,Sell,PUT,10500,63.4
24-Jun-2020,12:53,stochastic,Sell,PUT,10500,63.4
24-Jun-2020,12:53,combination,Sell,PUT,10500,63.4
24-Jun-2020,12:54,sma5,Sell,NIFTY,,10527.3
24-Jun-2020,12:54,sma5,Sell,CALL,10550,54.55
24-Jun-2020,12:54,sma5,Buy,PUT,10500,66.9
24-Jun-2020,12:56,sma5,Buy,NIFTY,,10531.7
24-Jun-2020,12:56,bb1sd,Buy,NIFTY,,10531.7
24-Jun-2020,12:56,bb1sd,Buy,CALL,10550,55.2
24-Jun-2020,12:56,bb1sd,Sell,PUT,10500,65.35
24-Jun-2020,12:56,sma5,Sell,PUT,10500,65.35
24-Jun-2020,12:57,sma5,Sell,NIFTY,,10525.55
24-Jun-2020,12:57,sma20,Sell,NIFTY,,10525.55
24-Jun-2020,12:57,sma5,Sell,CALL,10550,54.85
24-Jun-2020,12:57,sma5,Buy,PUT,10500,67.5
24-Jun-2020,12:57,sma20,Buy,PUT,10500,67.5
24-Jun-2020,12:58,sma5,Buy,CALL,10550,55.1
24-Jun-2020,12:58,sma5,Sell,PUT,10500,66.4
24-Jun-2020,12:58,sma20,Sell,PUT,10500,66.4
24-Jun-2020,12:59,sma5,Sell,CALL,10550,54.15
24-Jun-2020,12:59,sma5,Buy,PUT,10500,67.3
24-Jun-2020,12:59,sma20,Buy,PUT,10500,67.3
24-Jun-2020,13:00,bb1sd,Sell,NIFTY,,10514.1
24-Jun-2020,13:00,bb2sd,Sell,NIFTY,,10514.1
24-Jun-2020,13:00,bb1sd,Buy,PUT,10500,70
24-Jun-2020,13:00,sma5,Sell,CALL,10550,53
24-Jun-2020,13:01,bb1sd,Sell,NIFTY,,10507.1
24-Jun-2020,13:01,bb2sd,Sell,NIFTY,,10507.1
24-Jun-2020,13:01,stochastic,Sell,NIFTY,,10507.1
24-Jun-2020,13:01,bb1sd,Sell,CALL,10550,50.2
24-Jun-2020,13:01,bb1sd,Buy,PUT,10500,72.55
24-Jun-2020,13:01,bb2sd,Buy,PUT,10500,72.55
24-Jun-2020,13:01,stochastic,Buy,PUT,10500,72.55
24-Jun-2020,13:01,combination,Sell,NIFTY,,10507.1
24-Jun-2020,13:01,combination,Buy,PUT,10500,72.55
24-Jun-2020,13:02,bb1sd,Sell,NIFTY,,10503.95
24-Jun-2020,13:02,bb2sd,Sell,NIFTY,,10503.95
24-Jun-2020,13:02,stochastic,Sell,NIFTY,,10503.95
24-Jun-2020,13:02,combination,Sell,NIFTY,,10503.95
24-Jun-2020,13:02,bb1sd,Sell,CALL,10550,48.35
24-Jun-2020,13:02,stochastic,Sell,CALL,10550,48.35
24-Jun-2020,13:02,combination,Sell,CALL,10550,48.35
24-Jun-2020,13:02,bb1sd,Buy,PUT,10500,73.5
24-Jun-2020,13:02,bb2sd,Buy,PUT,10500,73.5
24-Jun-2020,13:02,stochastic,Buy,PUT,10500,73.5
24-Jun-2020,13:02,combination,Buy,PUT,10500,73.5
24-Jun-2020,13:03,bb1sd,Sell,NIFTY,,10505.7
24-Jun-2020,13:03,stochastic,Sell,NIFTY,,10505.7
24-Jun-2020,13:03,bb1sd,Sell,CALL,10550,47.7
24-Jun-2020,13:03,bb2sd,Sell,CALL,10550,47.7
24-Jun-2020,13:03,stochastic,Sell,CALL,10550,47.7
24-Jun-2020,13:03,bb1sd,Buy,PUT,10500,74.55
24-Jun-2020,13:03,bb2sd,Buy,PUT,10500,74.55
24-Jun-2020,13:03,stochastic,Buy,PUT,10500,74.55
24-Jun-2020,13:03,combination,Buy,PUT,10500,74.55
24-Jun-2020,13:03,combination,Sell,CALL,10550,47.7
24-Jun-2020,13:03,combination,Sell,NIFTY,,10505.7
24-Jun-2020,13:04,sma5,Sell,NIFTY,,10495.75
24-Jun-2020,13:04,bb1sd,Sell,NIFTY,,10495.75
24-Jun-2020,13:04,bb2sd,Sell,NIFTY,,10495.75
24-Jun-2020,13:04,stochastic,Sell,NIFTY,,10495.75
24-Jun-2020,13:04,combination,Sell,NIFTY,,10495.75
24-Jun-2020,13:04,bb1sd,Sell,CALL,10550,44.9
24-Jun-2020,13:04,bb2sd,Sell,CALL,10550,44.9
24-Jun-2020,13:04,stochastic,Sell,CALL,10550,44.9
24-Jun-2020,13:04,combination,Sell,CALL,10550,44.9
24-Jun-2020,13:04,bb1sd,Buy,PUT,10500,76.9
24-Jun-2020,13:04,bb2sd,Buy,PUT,10500,76.9
24-Jun-2020,13:04,stochastic,Buy,PUT,10500,76.9
24-Jun-2020,13:04,combination,Buy,PUT,10500,76.9
24-Jun-2020,13:05,bb1sd,Sell,NIFTY,,10503
24-Jun-2020,13:05,stochastic,Sell,NIFTY,,10503
24-Jun-2020,13:05,combination,Sell,NIFTY,,10503
24-Jun-2020,13:05,bb1sd,Sell,CALL,10550,46.4
24-Jun-2020,13:05,stochastic,Sell,CALL,10550,46.4
24-Jun-2020,13:05,combination,Sell,CALL,10550,46.4
24-Jun-2020,13:05,bb1sd,Buy,PUT,10500,75.9
24-Jun-2020,13:05,stochastic,Buy,PUT,10500,75.9
24-Jun-2020,13:05,combination,Buy,PUT,10500,75.9
24-Jun-2020,13:06,sma5,Buy,NIFTY,,10512.35
24-Jun-2020,13:06,sma5,Buy,CALL,10550,48.5
24-Jun-2020,13:06,bb1sd,Sell,CALL,10550,48.5
24-Jun-2020,13:06,sma5,Sell,PUT,10500,72.75
24-Jun-2020,13:08,sma5,Sell,CALL,10550,47.8
24-Jun-2020,13:08,bb1sd,Sell,CALL,10550,47.8
24-Jun-2020,13:08,bb1sd,Buy,PUT,10500,74.95
24-Jun-2020,13:09,sma5,Sell,NIFTY,,10508.55
24-Jun-2020,13:09,bb1sd,Sell,CALL,10550,46.15
24-Jun-2020,13:09,sma5,Buy,PUT,10500,77.55
24-Jun-2020,13:09,bb1sd,Buy,PUT,10500,77.55
24-Jun-2020,13:09,stochastic,Buy,PUT,10500,77.55
24-Jun-2020,13:09,combination,Buy,PUT,10500,77.55
24-Jun-2020,13:10,bb1sd,Sell,NIFTY,,10495.6
24-Jun-2020,13:10,bb1sd,Sell,CALL,10550,42.6
24-Jun-2020,13:10,bb2sd,Sell,CALL,10550,42.6
24-Jun-2020,13:10,stochastic,Sell,CALL,10550,42.6
24-Jun-2020,13:10,combination,Sell,CALL,10550,42.6
24-Jun-2020,13:10,bb1sd,Buy,PUT,10500,81.65
24-Jun-2020,13:10,bb2sd,Buy,PUT,10500,81.65
24-Jun-2020,13:10,stochastic,Buy,PUT,10500,81.65
24-Jun-2020,13:10,combination,Buy,PUT,10500,81.65
24-Jun-2020,13:11,bb1sd,Sell,NIFTY,,10475.55
24-Jun-2020,13:11,bb2sd,Sell,NIFTY,,10475.55
24-Jun-2020,13:11,combination,Sell,NIFTY,,10475.55
24-Jun-2020,13:11,bb2sd,Sell,CALL,10550,37.9
24-Jun-2020,13:11,stochastic,Sell,CALL,10550,37.9
24-Jun-2020,13:11,combination,Sell,CALL,10550,37.9
24-Jun-2020,13:11,bb1sd,Buy,PUT,10500,94.9
24-Jun-2020,13:11,bb2sd,Buy,PUT,10500,94.9
24-Jun-2020,13:11,stochastic,Buy,PUT,10500,94.9
24-Jun-2020,13:11,bb1sd,Sell,CALL,10550,37.9
24-Jun-2020,13:11,combination,Buy,PUT,10500,94.9
24-Jun-2020,13:11,stochastic,Sell,NIFTY,,10475.55
24-Jun-2020,13:12,bb1sd,Sell,NIFTY,,10462.15
24-Jun-2020,13:12,bb2sd,Sell,NIFTY,,10462.15
24-Jun-2020,13:12,stochastic,Sell,NIFTY,,10462.15
24-Jun-2020,13:12,combination,Sell,NIFTY,,10462.15
24-Jun-2020,13:12,bb1sd,Sell,CALL,10550,34.25
24-Jun-2020,13:12,bb2sd,Sell,CALL,10550,34.25
24-Jun-2020,13:12,stochastic,Sell,CALL,10550,34.25
24-Jun-2020,13:12,combination,Sell,CALL,10550,34.25
24-Jun-2020,13:12,bb1sd,Buy,PUT,10500,101.95
24-Jun-2020,13:12,bb2sd,Buy,PUT,10500,101.95
24-Jun-2020,13:12,stochastic,Buy,PUT,10500,101.95
24-Jun-2020,13:12,combination,Buy,PUT,10500,101.95
24-Jun-2020,13:13,bb1sd,Sell,NIFTY,,10468.1
24-Jun-2020,13:13,bb2sd,Sell,NIFTY,,10468.1
24-Jun-2020,13:13,stochastic,Sell,NIFTY,,10468.1
24-Jun-2020,13:13,combination,Sell,NIFTY,,10468.1
24-Jun-2020,13:13,bb1sd,Sell,CALL,10550,35
24-Jun-2020,13:13,bb2sd,Sell,CALL,10550,35
24-Jun-2020,13:13,stochastic,Sell,CALL,10550,35
24-Jun-2020,13:13,combination,Sell,CALL,10550,35
24-Jun-2020,13:13,bb1sd,Buy,PUT,10500,97.75
24-Jun-2020,13:13,bb2sd,Buy,PUT,10500,97.75
24-Jun-2020,13:13,stochastic,Buy,PUT,10500,97.75
24-Jun-2020,13:13,combination,Buy,PUT,10500,97.75
24-Jun-2020,13:14,bb1sd,Sell,NIFTY,,10454.05
24-Jun-2020,13:14,bb2sd,Sell,NIFTY,,10454.05
24-Jun-2020,13:14,stochastic,Sell,NIFTY,,10454.05
24-Jun-2020,13:14,combination,Sell,NIFTY,,10454.05
24-Jun-2020,13:14,bb1sd,Sell,CALL,10550,32.4
24-Jun-2020,13:14,bb2sd,Sell,CALL,10550,32.4
24-Jun-2020,13:14,stochastic,Sell,CALL,10550,32.4
24-Jun-2020,13:14,combination,Sell,CALL,10550,32.4
24-Jun-2020,13:14,bb1sd,Buy,PUT,10500,105.95
24-Jun-2020,13:14,bb2sd,Buy,PUT,10500,105.95
24-Jun-2020,13:14,stochastic,Buy,PUT,10500,105.95
24-Jun-2020,13:14,combination,Buy,PUT,10500,105.95
24-Jun-2020,13:15,bb1sd,Sell,NIFTY,,10448.4
24-Jun-2020,13:15,bb2sd,Sell,NIFTY,,10448.4
24-Jun-2020,13:15,stochastic,Sell,NIFTY,,10448.4
24-Jun-2020,13:15,combination,Sell,NIFTY,,10448.4
24-Jun-2020,13:15,bb1sd,Sell,CALL,10550,32.2
24-Jun-2020,13:15,stochastic,Sell,CALL,10550,32.2
24-Jun-2020,13:15,combination,Sell,CALL,10550,32.2
24-Jun-2020,13:15,bb1sd,Buy,PUT,10500,112.8
24-Jun-2020,13:15,bb2sd,Buy,PUT,10500,112.8
24-Jun-2020,13:15,stochastic,Buy,PUT,10500,112.8
24-Jun-2020,13:15,combination,Buy,PUT,10500,112.8
24-Jun-2020,13:16,bb1sd,Sell,NIFTY,,10436.85
24-Jun-2020,13:16,bb2sd,Sell,NIFTY,,10436.85
24-Jun-2020,13:16,stochastic,Sell,NIFTY,,10436.85
24-Jun-2020,13:16,combination,Sell,NIFTY,,10436.85
24-Jun-2020,13:16,bb1sd,Sell,CALL,10550,29.55
24-Jun-2020,13:16,stochastic,Sell,CALL,10550,29.55
24-Jun-2020,13:16,combination,Sell,CALL,10550,29.55
24-Jun-2020,13:16,bb1sd,Buy,PUT,10500,122
24-Jun-2020,13:16,bb2sd,Buy,PUT,10500,122
24-Jun-2020,13:16,stochastic,Buy,PUT,10500,122
24-Jun-2020,13:16,combination,Buy,PUT,10500,122
24-Jun-2020,13:17,bb1sd,Sell,NIFTY,,10444.35
24-Jun-2020,13:17,stochastic,Sell,NIFTY,,10444.35
24-Jun-2020,13:17,combination,Sell,NIFTY,,10444.35
24-Jun-2020,13:17,bb1sd,Sell,CALL,10550,31
24-Jun-2020,13:17,stochastic,Sell,CALL,10550,31
24-Jun-2020,13:17,combination,Sell,CALL,10550,31
24-Jun-2020,13:17,bb1sd,Buy,PUT,10500,121.25
24-Jun-2020,13:17,bb2sd,Buy,PUT,10500,121.25
24-Jun-2020,13:17,stochastic,Buy,PUT,10500,121.25
24-Jun-2020,13:17,combination,Buy,PUT,10500,121.25
24-Jun-2020,13:18,sma5,Buy,NIFTY,,10457.85
24-Jun-2020,13:18,bb1sd,Sell,NIFTY,,10457.85
24-Jun-2020,13:18,sma5,Buy,CALL,10550,33.35
24-Jun-2020,13:18,bb1sd,Sell,CALL,10550,33.35
24-Jun-2020,13:18,stochastic,Sell,CALL,10550,33.35
24-Jun-2020,13:18,combination,Sell,CALL,10550,33.35
24-Jun-2020,13:18,bb1sd,Buy,PUT,10500,115.65
24-Jun-2020,13:18,stochastic,Buy,PUT,10500,115.65
24-Jun-2020,13:18,combination,Buy,PUT,10500,115.65
24-Jun-2020,13:18,sma5,Sell,PUT,10500,115.65
24-Jun-2020,13:19,bb1sd,Sell,NIFTY,,10453.7
24-Jun-2020,13:19,stochastic,Sell,CALL,10550,33.55
24-Jun-2020,13:19,combination,Sell,CALL,10550,33.55
24-Jun-2020,13:19,bb1sd,Buy,PUT,10500,116.3
24-Jun-2020,13:19,stochastic,Buy,PUT,10500,116.3
24-Jun-2020,13:19,bb1sd,Sell,CALL,10550,33.55
24-Jun-2020,13:19,combination,Buy,PUT,10500,116.3
24-Jun-2020,13:20,bb1sd,Sell,NIFTY,,10452.45
24-Jun-2020,13:20,bb1sd,Buy,PUT,10500,117.85
24-Jun-2020,13:20,stochastic,Buy,PUT,10500,117.85
24-Jun-2020,13:20,combination,Buy,PUT,10500,117.85
24-Jun-2020,13:21,bb1sd,Sell,NIFTY,,10445.5
24-Jun-2020,13:21,stochastic,Sell,NIFTY,,10445.5
24-Jun-2020,13:21,combination,Sell,NIFTY,,10445.5
24-Jun-2020,13:21,sma5,Sell,CALL,10550,30.95
24-Jun-2020,13:21,bb1sd,Sell,CALL,10550,30.95
24-Jun-2020,13:21,stochastic,Sell,CALL,10550,30.95
24-Jun-2020,13:21,sma5,Buy,PUT,10500,122.15
24-Jun-2020,13:21,bb1sd,Buy,PUT,10500,122.15
24-Jun-2020,13:21,stochastic,Buy,PUT,10500,122.15
24-Jun-2020,13:21,combination,Buy,PUT,10500,122.15
24-Jun-2020,13:21,combination,Sell,CALL,10550,30.95
24-Jun-2020,13:21,sma5,Sell,NIFTY,,10445.5
24-Jun-2020,13:22,bb1sd,Sell,NIFTY,,10443.85
24-Jun-2020,13:22,stochastic,Sell,NIFTY,,10443.85
24-Jun-2020,13:22,combination,Sell,NIFTY,,10443.85
24-Jun-2020,13:22,stochastic,Sell,CALL,10550,33.05
24-Jun-2020,13:22,bb1sd,Buy,PUT,10500,124.1
24-Jun-2020,13:22,stochastic,Buy,PUT,10500,124.1
24-Jun-2020,13:22,sma5,Buy,CALL,10550,33.05
24-Jun-2020,13:22,combination,Buy,PUT,10500,124.1
24-Jun-2020,13:23,sma5,Buy,NIFTY,,10452.5
24-Jun-2020,13:23,stochastic,Sell,CALL,10550,33.2
24-Jun-2020,13:23,stochastic,Buy,PUT,10500,120.5
24-Jun-2020,13:23,bb1sd,Buy,PUT,10500,120.5
24-Jun-2020,13:23,combination,Buy,PUT,10500,120.5
24-Jun-2020,13:24,sma5,Sell,PUT,10500,115.8
24-Jun-2020,13:24,stochastic,Buy,PUT,10500,115.8
24-Jun-2020,13:25,stochastic,Buy,PUT,10500,114.25
24-Jun-2020,13:26,stochastic,Buy,PUT,10500,117
24-Jun-2020,13:26,sma20,Sell,CALL,10550,34.1
24-Jun-2020,13:27,stochastic,Buy,PUT,10500,120
24-Jun-2020,13:27,sma5,Buy,PUT,10500,120
24-Jun-2020,13:28,sma20,Buy,CALL,10550,35.6
24-Jun-2020,13:28,sma5,Sell,PUT,10500,113.9
24-Jun-2020,13:28,sma5,Buy,CALL,10550,35.6
24-Jun-2020,13:29,sma5,Sell,NIFTY,,10444.55
24-Jun-2020,13:29,sma5,Buy,PUT,10500,121.05
24-Jun-2020,13:29,stochastic,Sell,NIFTY,,10444.55
24-Jun-2020,13:29,stochastic,Buy,PUT,10500,121.05
24-Jun-2020,13:29,sma20,Sell,CALL,10550,33.05
24-Jun-2020,13:29,sma5,Sell,CALL,10550,33.05
24-Jun-2020,13:30,bb1sd,Sell,NIFTY,,10437.8
24-Jun-2020,13:30,stochastic,Sell,NIFTY,,10437.8
24-Jun-2020,13:30,combination,Sell,NIFTY,,10437.8
24-Jun-2020,13:30,bb1sd,Sell,CALL,10550,31.4
24-Jun-2020,13:30,bb1sd,Buy,PUT,10500,125.95
24-Jun-2020,13:30,stochastic,Buy,PUT,10500,125.95
24-Jun-2020,13:30,combination,Buy,PUT,10500,125.95
24-Jun-2020,13:31,bb1sd,Sell,NIFTY,,10439.4
24-Jun-2020,13:31,stochastic,Sell,NIFTY,,10439.4
24-Jun-2020,13:31,combination,Sell,NIFTY,,10439.4
24-Jun-2020,13:31,bb1sd,Buy,PUT,10500,125.45
24-Jun-2020,13:31,stochastic,Buy,PUT,10500,125.45
24-Jun-2020,13:31,combination,Buy,PUT,10500,125.45
24-Jun-2020,13:32,stochastic,Sell,NIFTY,,10440.35
24-Jun-2020,13:32,combination,Sell,NIFTY,,10440.35
24-Jun-2020,13:32,bb1sd,Sell,NIFTY,,10440.35
24-Jun-2020,13:32,stochastic,Buy,PUT,10500,122.35
24-Jun-2020,13:33,sma5,Sell,NIFTY,,10425.5
24-Jun-2020,13:33,bb1sd,Sell,NIFTY,,10425.5
24-Jun-2020,13:33,bb2sd,Sell,NIFTY,,10425.5
24-Jun-2020,13:33,stochastic,Sell,NIFTY,,10425.5
24-Jun-2020,13:33,combination,Sell,NIFTY,,10425.5
24-Jun-2020,13:33,sma5,Sell,CALL,10550,27.95
24-Jun-2020,13:33,bb1sd,Sell,CALL,10550,27.95
24-Jun-2020,13:33,bb2sd,Sell,CALL,10550,27.95
24-Jun-2020,13:33,sma5,Buy,PUT,10500,133.4
24-Jun-2020,13:33,bb1sd,Buy,PUT,10500,133.4
24-Jun-2020,13:33,bb2sd,Buy,PUT,10500,133.4
24-Jun-2020,13:33,stochastic,Buy,PUT,10500,133.4
24-Jun-2020,13:33,combination,Buy,PUT,10500,133.4
24-Jun-2020,13:34,bb1sd,Sell,NIFTY,,10431.6
24-Jun-2020,13:34,stochastic,Sell,NIFTY,,10431.6
24-Jun-2020,13:34,combination,Sell,NIFTY,,10431.6
24-Jun-2020,13:34,bb1sd,Sell,CALL,10550,28.25
24-Jun-2020,13:34,stochastic,Sell,CALL,10550,28.25
24-Jun-2020,13:34,combination,Sell,CALL,10550,28.25
24-Jun-2020,13:34,bb1sd,Buy,PUT,10500,128.95
24-Jun-2020,13:35,stochastic,Sell,CALL,10550,29
24-Jun-2020,13:35,bb1sd,Sell,NIFTY,,10433.5
24-Jun-2020,13:35,combination,Sell,CALL,10550,29
24-Jun-2020,13:35,bb1sd,Sell,CALL,10550,29
24-Jun-2020,13:35,sma5,Sell,PUT,10500,125.3
24-Jun-2020,13:36,sma5,Sell,NIFTY,,10419.35
24-Jun-2020,13:36,bb1sd,Sell,NIFTY,,10419.35
24-Jun-2020,13:36,bb2sd,Sell,NIFTY,,10419.35
24-Jun-2020,13:36,stochastic,Sell,NIFTY,,10419.35
24-Jun-2020,13:36,combination,Sell,NIFTY,,10419.35
24-Jun-2020,13:36,bb1sd,Sell,CALL,10550,25.75
24-Jun-2020,13:36,bb2sd,Sell,CALL,10550,25.75
24-Jun-2020,13:36,stochastic,Sell,CALL,10550,25.75
24-Jun-2020,13:36,combination,Sell,CALL,10550,25.75
24-Jun-2020,13:36,sma5,Buy,PUT,10500,137.5
24-Jun-2020,13:36,bb1sd,Buy,PUT,10500,137.5
24-Jun-2020,13:36,bb2sd,Buy,PUT,10500,137.5
24-Jun-2020,13:37,bb1sd,Sell,NIFTY,,10410.15
24-Jun-2020,13:37,bb2sd,Sell,NIFTY,,10410.15
24-Jun-2020,13:37,stochastic,Sell,NIFTY,,10410.15
24-Jun-2020,13:37,combination,Sell,NIFTY,,10410.15
24-Jun-2020,13:37,bb1sd,Sell,CALL,10550,24.05
24-Jun-2020,13:37,bb2sd,Sell,CALL,10550,24.05
24-Jun-2020,13:37,stochastic,Sell,CALL,10550,24.05
24-Jun-2020,13:37,bb1sd,Buy,PUT,10500,143
24-Jun-2020,13:37,bb2sd,Buy,PUT,10500,143
24-Jun-2020,13:37,stochastic,Buy,PUT,10500,143
24-Jun-2020,13:37,combination,Sell,CALL,10550,24.05
24-Jun-2020,13:37,combination,Buy,PUT,10500,143
24-Jun-2020,13:38,bb1sd,Sell,NIFTY,,10409.15
24-Jun-2020,13:38,bb2sd,Sell,NIFTY,,10409.15
24-Jun-2020,13:38,stochastic,Sell,NIFTY,,10409.15
24-Jun-2020,13:38,combination,Sell,NIFTY,,10409.15
24-Jun-2020,13:38,bb1sd,Sell,CALL,10550,24.25
24-Jun-2020,13:38,stochastic,Sell,CALL,10550,24.25
24-Jun-2020,13:38,combination,Sell,CALL,10550,24.25
24-Jun-2020,13:38,bb1sd,Buy,PUT,10500,141.4
24-Jun-2020,13:38,bb2sd,Buy,PUT,10500,141.4
24-Jun-2020,13:38,stochastic,Buy,PUT,10500,141.4
24-Jun-2020,13:38,combination,Buy,PUT,10500,141.4
24-Jun-2020,13:39,bb1sd,Sell,NIFTY,,10402.25
24-Jun-2020,13:39,bb2sd,Sell,NIFTY,,10402.25
24-Jun-2020,13:39,stochastic,Sell,NIFTY,,10402.25
24-Jun-2020,13:39,combination,Sell,NIFTY,,10402.25
24-Jun-2020,13:39,bb1sd,Sell,CALL,10550,22.1
24-Jun-2020,13:39,bb2sd,Sell,CALL,10550,22.1
24-Jun-2020,13:39,stochastic,Sell,CALL,10550,22.1
24-Jun-2020,13:39,combination,Sell,CALL,10550,22.1
24-Jun-2020,13:39,bb1sd,Buy,PUT,10500,147.85
24-Jun-2020,13:39,bb2sd,Buy,PUT,10500,147.85
24-Jun-2020,13:39,stochastic,Buy,PUT,10500,147.85
24-Jun-2020,13:39,combination,Buy,PUT,10500,147.85
24-Jun-2020,13:40,bb1sd,Sell,NIFTY,,10405.05
24-Jun-2020,13:40,stochastic,Sell,NIFTY,,10405.05
24-Jun-2020,13:40,combination,Sell,NIFTY,,10405.05
24-Jun-2020,13:40,bb1sd,Sell,CALL,10550,21.7
24-Jun-2020,13:40,stochastic,Sell,CALL,10550,21.7
24-Jun-2020,13:40,combination,Sell,CALL,10550,21.7
24-Jun-2020,13:40,bb1sd,Buy,PUT,10500,148.6
24-Jun-2020,13:40,stochastic,Buy,PUT,10500,148.6
24-Jun-2020,13:40,combination,Buy,PUT,10500,148.6
24-Jun-2020,13:41,sma5,Sell,NIFTY,,10395.25
24-Jun-2020,13:41,bb1sd,Sell,NIFTY,,10395.25
24-Jun-2020,13:41,stochastic,Sell,NIFTY,,10395.25
24-Jun-2020,13:41,combination,Sell,NIFTY,,10395.25
24-Jun-2020,13:41,bb1sd,Sell,CALL,10550,17.4
24-Jun-2020,13:41,bb2sd,Sell,CALL,10550,17.4
24-Jun-2020,13:41,stochastic,Sell,CALL,10550,17.4
24-Jun-2020,13:41,combination,Sell,CALL,10550,17.4
24-Jun-2020,13:41,bb1sd,Buy,PUT,10500,151.85
24-Jun-2020,13:41,stochastic,Buy,PUT,10500,151.85
24-Jun-2020,13:41,combination,Buy,PUT,10500,151.85
24-Jun-2020,13:42,stochastic,Sell,NIFTY,,10399.65
24-Jun-2020,13:42,bb1sd,Sell,CALL,10550,18.15
24-Jun-2020,13:42,stochastic,Buy,PUT,10500,151.65
24-Jun-2020,13:42,combination,Sell,CALL,10550,18.15
24-Jun-2020,13:42,bb1sd,Buy,PUT,10500,151.65
24-Jun-2020,13:42,bb1sd,Sell,NIFTY,,10399.65
24-Jun-2020,13:42,combination,Sell,NIFTY,,10399.65
24-Jun-2020,13:42,combination,Buy,PUT,10500,151.65
24-Jun-2020,13:42,stochastic,Sell,CALL,10550,18.15
24-Jun-2020,13:43,sma5,Buy,NIFTY,,10410.2
24-Jun-2020,13:43,bb1sd,Sell,CALL,10550,19.35
24-Jun-2020,13:43,stochastic,Sell,CALL,10550,19.35
24-Jun-2020,13:43,combination,Sell,CALL,10550,19.35
24-Jun-2020,13:43,sma5,Sell,PUT,10500,144.15
24-Jun-2020,13:43,bb1sd,Buy,PUT,10500,144.15
24-Jun-2020,13:44,bb1sd,Sell,CALL,10550,20.75
24-Jun-2020,13:44,stochastic,Sell,CALL,10550,20.75
24-Jun-2020,13:44,combination,Sell,CALL,10550,20.75
24-Jun-2020,13:45,sma5,Sell,NIFTY,,10393.25
24-Jun-2020,13:45,bb1sd,Sell,NIFTY,,10393.25
24-Jun-2020,13:45,stochastic,Sell,NIFTY,,10393.25
24-Jun-2020,13:45,combination,Sell,NIFTY,,10393.25
24-Jun-2020,13:45,bb1sd,Sell,CALL,10550,19.2
24-Jun-2020,13:45,stochastic,Sell,CALL,10550,19.2
24-Jun-2020,13:45,combination,Sell,CALL,10550,19.2
24-Jun-2020,13:45,sma5,Buy,PUT,10500,153.9
24-Jun-2020,13:45,bb1sd,Buy,PUT,10500,153.9
24-Jun-2020,13:45,stochastic,Buy,PUT,10500,153.9
24-Jun-2020,13:45,combination,Buy,PUT,10500,153.9
24-Jun-2020,13:46,bb1sd,Sell,NIFTY,,10374.05
24-Jun-2020,13:46,bb2sd,Sell,NIFTY,,10374.05
24-Jun-2020,13:46,stochastic,Sell,NIFTY,,10374.05
24-Jun-2020,13:46,combination,Sell,NIFTY,,10374.05
24-Jun-2020,13:46,sma5,Sell,CALL,10550,15.1
24-Jun-2020,13:46,bb1sd,Sell,CALL,10550,15.1
24-Jun-2020,13:46,stochastic,Sell,CALL,10550,15.1
24-Jun-2020,13:46,combination,Sell,CALL,10550,15.1
24-Jun-2020,13:46,bb1sd,Buy,PUT,10500,167.25
24-Jun-2020,13:46,bb2sd,Buy,PUT,10500,167.25
24-Jun-2020,13:46,stochastic,Buy,PUT,10500,167.25
24-Jun-2020,13:46,combination,Buy,PUT,10500,167.25
24-Jun-2020,13:47,bb1sd,Sell,NIFTY,,10383.95
24-Jun-2020,13:47,stochastic,Sell,NIFTY,,10383.95
24-Jun-2020,13:47,combination,Sell,NIFTY,,10383.95
24-Jun-2020,13:47,stochastic,Sell,CALL,10550,16.1
24-Jun-2020,13:47,combination,Sell,CALL,10550,16.1
24-Jun-2020,13:47,bb1sd,Buy,PUT,10500,166.1
24-Jun-2020,13:47,stochastic,Buy,PUT,10500,166.1
24-Jun-2020,13:47,bb1sd,Sell,CALL,10550,16.1
24-Jun-2020,13:47,combination,Buy,PUT,10500,166.1
24-Jun-2020,13:48,bb1sd,Sell,NIFTY,,10377.65
24-Jun-2020,13:48,stochastic,Sell,NIFTY,,10377.65
24-Jun-2020,13:48,combination,Sell,NIFTY,,10377.65
24-Jun-2020,13:48,bb1sd,Sell,CALL,10550,16
24-Jun-2020,13:48,stochastic,Sell,CALL,10550,16
24-Jun-2020,13:48,combination,Sell,CALL,10550,16
24-Jun-2020,13:48,bb1sd,Buy,PUT,10500,167.75
24-Jun-2020,13:48,stochastic,Buy,PUT,10500,167.75
24-Jun-2020,13:48,combination,Buy,PUT,10500,167.75
24-Jun-2020,13:49,sma5,Buy,CALL,10550,17.75
24-Jun-2020,13:49,sma5,Sell,PUT,10500,152.6
24-Jun-2020,13:49,stochastic,Sell,CALL,10550,17.75
24-Jun-2020,13:49,sma5,Buy,NIFTY,,10393.1
24-Jun-2020,13:50,stochastic,Sell,CALL,10550,18.2
24-Jun-2020,13:51,sma5,Sell,NIFTY,,10381.65
24-Jun-2020,13:51,stochastic,Sell,CALL,10550,16.8
24-Jun-2020,13:51,combination,Sell,CALL,10550,16.8
24-Jun-2020,13:51,sma5,Buy,PUT,10500,162
24-Jun-2020,13:51,bb1sd,Buy,PUT,10500,162
24-Jun-2020,13:51,sma5,Sell,CALL,10550,16.8
24-Jun-2020,13:51,bb1sd,Sell,CALL,10550,16.8
24-Jun-2020,13:51,bb1sd,Sell,NIFTY,,10381.65
24-Jun-2020,13:52,sma5,Buy,NIFTY,,10400.1
24-Jun-2020,13:52,sma5,Buy,CALL,10550,18.7
24-Jun-2020,13:52,sma5,Sell,PUT,10500,147.2
24-Jun-2020,13:52,sma20,Sell,PUT,10500,147.2
24-Jun-2020,13:53,sma20,Buy,NIFTY,,10406.15
24-Jun-2020,13:54,sma20,Sell,NIFTY,,10397.15
24-Jun-2020,13:55,sma20,Buy,NIFTY,,10402.6
24-Jun-2020,13:55,sma5,Buy,NIFTY,,10402.6
24-Jun-2020,13:56,sma5,Sell,NIFTY,,10400.95
24-Jun-2020,13:57,sma20,Sell,NIFTY,,10391.85
24-Jun-2020,13:57,sma5,Sell,CALL,10550,17.9
24-Jun-2020,13:57,sma5,Buy,PUT,10500,153
24-Jun-2020,13:57,sma20,Sell,CALL,10550,17.9
24-Jun-2020,13:57,sma5,Sell,NIFTY,,10391.85
24-Jun-2020,13:57,sma20,Buy,PUT,10500,153
24-Jun-2020,13:59,sma5,Buy,CALL,10550,19.05
24-Jun-2020,13:59,sma20,Buy,CALL,10550,19.05
24-Jun-2020,13:59,sma20,Sell,PUT,10500,152.8
24-Jun-2020,14:00,sma20,Buy,NIFTY,,10398.55
24-Jun-2020,14:00,sma5,Sell,PUT,10500,151.2
24-Jun-2020,14:00,sma5,Buy,NIFTY,,10398.55
24-Jun-2020,14:01,sma5,Sell,NIFTY,,10390.55
24-Jun-2020,14:01,sma20,Sell,NIFTY,,10390.55
24-Jun-2020,14:01,sma5,Sell,CALL,10550,18.65
24-Jun-2020,14:01,sma5,Buy,PUT,10500,156.6
24-Jun-2020,14:01,sma20,Buy,PUT,10500,156.6
24-Jun-2020,14:02,bb1sd,Sell,NIFTY,,10379.6
24-Jun-2020,14:02,sma5,Sell,CALL,10550,17.45
24-Jun-2020,14:02,sma20,Sell,CALL,10550,17.45
24-Jun-2020,14:03,bb1sd,Sell,NIFTY,,10375.75
24-Jun-2020,14:03,bb1sd,Sell,CALL,10550,15.8
24-Jun-2020,14:03,bb1sd,Buy,PUT,10500,163.15
24-Jun-2020,14:04,sma5,Buy,NIFTY,,10387.3
24-Jun-2020,14:04,bb1sd,Sell,CALL,10550,16.9
24-Jun-2020,14:04,sma5,Sell,PUT,10500,154.45
24-Jun-2020,14:04,sma20,Sell,PUT,10500,154.45
24-Jun-2020,14:05,sma20,Buy,NIFTY,,10394.25
24-Jun-2020,14:05,sma5,Buy,CALL,10550,17.45
24-Jun-2020,14:06,bb1sd,Buy,NIFTY,,10420.45
24-Jun-2020,14:06,bb2sd,Buy,NIFTY,,10420.45
24-Jun-2020,14:06,sma20,Buy,CALL,10550,20.15
24-Jun-2020,14:06,bb1sd,Sell,PUT,10500,126.2
24-Jun-2020,14:06,bb2sd,Sell,PUT,10500,126.2
24-Jun-2020,14:06,sma5,Buy,CALL,10550,20.15
24-Jun-2020,14:06,bb1sd,Buy,CALL,10550,20.15
24-Jun-2020,14:07,bb1sd,Buy,NIFTY,,10427.75
24-Jun-2020,14:07,bb2sd,Buy,NIFTY,,10427.75
24-Jun-2020,14:07,stochastic,Buy,NIFTY,,10427.75
24-Jun-2020,14:07,combination,Buy,NIFTY,,10427.75
24-Jun-2020,14:07,bb1sd,Buy,CALL,10550,22.95
24-Jun-2020,14:07,bb2sd,Buy,CALL,10550,22.95
24-Jun-2020,14:07,stochastic,Buy,CALL,10550,22.95
24-Jun-2020,14:07,combination,Buy,CALL,10550,22.95
24-Jun-2020,14:07,bb1sd,Sell,PUT,10500,118.85
24-Jun-2020,14:07,bb2sd,Sell,PUT,10500,118.85
24-Jun-2020,14:07,stochastic,Sell,PUT,10500,118.85
24-Jun-2020,14:07,combination,Sell,PUT,10500,118.85
24-Jun-2020,14:08,bb1sd,Buy,NIFTY,,10425.6
24-Jun-2020,14:08,bb2sd,Buy,NIFTY,,10425.6
24-Jun-2020,14:08,stochastic,Buy,NIFTY,,10425.6
24-Jun-2020,14:08,combination,Buy,NIFTY,,10425.6
24-Jun-2020,14:08,bb1sd,Buy,CALL,10550,24.4
24-Jun-2020,14:08,bb2sd,Buy,CALL,10550,24.4
24-Jun-2020,14:08,stochastic,Buy,CALL,10550,24.4
24-Jun-2020,14:08,combination,Buy,CALL,10550,24.4
24-Jun-2020,14:08,bb1sd,Sell,PUT,10500,121.75
24-Jun-2020,14:08,bb2sd,Sell,PUT,10500,121.75
24-Jun-2020,14:08,stochastic,Sell,PUT,10500,121.75
24-Jun-2020,14:08,combination,Sell,PUT,10500,121.75
24-Jun-2020,14:09,sma5,Sell,NIFTY,,10415.1
24-Jun-2020,14:09,bb1sd,Buy,CALL,10550,21.7
24-Jun-2020,14:09,sma5,Buy,PUT,10500,131.6
24-Jun-2020,14:09,bb1sd,Sell,PUT,10500,131.6
24-Jun-2020,14:09,bb1sd,Buy,NIFTY,,10415.1
24-Jun-2020,14:10,stochastic,Buy,NIFTY,,10418.65
24-Jun-2020,14:10,bb1sd,Buy,CALL,10550,21.25
24-Jun-2020,14:10,bb1sd,Buy,NIFTY,,10418.65
24-Jun-2020,14:10,combination,Buy,NIFTY,,10418.65
24-Jun-2020,14:10,bb1sd,Sell,PUT,10500,128.15
24-Jun-2020,14:11,bb1sd,Buy,NIFTY,,10419.85
24-Jun-2020,14:11,combination,Buy,NIFTY,,10419.85
24-Jun-2020,14:11,bb1sd,Buy,CALL,10550,23
24-Jun-2020,14:11,bb1sd,Sell,PUT,10500,129.5
24-Jun-2020,14:11,stochastic,Buy,NIFTY,,10419.85
24-Jun-2020,14:12,sma5,Sell,NIFTY,,10407.2
24-Jun-2020,14:12,sma5,Sell,CALL,10550,21.65
24-Jun-2020,14:12,sma5,Buy,PUT,10500,138.55
24-Jun-2020,14:13,sma20,Sell,NIFTY,,10394.15
24-Jun-2020,14:13,sma20,Sell,CALL,10550,19.8
24-Jun-2020,14:13,sma20,Buy,PUT,10500,145
24-Jun-2020,14:13,sma5,Sell,CALL,10550,19.8
24-Jun-2020,14:14,sma20,Sell,PUT,10500,142.65
24-Jun-2020,14:15,sma20,Buy,PUT,10500,150
24-Jun-2020,14:17,sma5,Buy,NIFTY,,10405.6
24-Jun-2020,14:17,sma20,Buy,NIFTY,,10405.6
24-Jun-2020,14:17,sma5,Buy,CALL,10550,20.75
24-Jun-2020,14:17,sma20,Buy,CALL,10550,20.75
24-Jun-2020,14:17,sma5,Sell,PUT,10500,141.65
24-Jun-2020,14:17,sma20,Sell,PUT,10500,141.65
24-Jun-2020,14:20,sma20,Buy,NIFTY,,10405.8
24-Jun-2020,14:20,sma5,Buy,NIFTY,,10405.8
24-Jun-2020,14:20,sma5,Buy,CALL,10550,21.25
24-Jun-2020,14:21,sma5,Buy,NIFTY,,10418.25
24-Jun-2020,14:21,bb1sd,Buy,CALL,10550,22.6
24-Jun-2020,14:22,bb1sd,Buy,NIFTY,,10420.25
24-Jun-2020,14:23,sma5,Sell,CALL,10550,21.55
24-Jun-2020,14:24,sma5,Sell,NIFTY,,10409.65
24-Jun-2020,14:24,sma20,Sell,NIFTY,,10409.65
24-Jun-2020,14:24,sma20,Sell,CALL,10550,19.55
24-Jun-2020,14:24,sma5,Sell,CALL,10550,19.55
24-Jun-2020,14:24,sma5,Buy,PUT,10500,133.05
24-Jun-2020,14:26,sma5,Buy,CALL,10550,21.45
24-Jun-2020,14:26,sma20,Buy,CALL,10550,21.45
24-Jun-2020,14:26,sma5,Sell,PUT,10500,129.05
24-Jun-2020,14:26,sma5,Buy,NIFTY,,10416.45
24-Jun-2020,14:27,sma5,Sell,CALL,10550,19.65
24-Jun-2020,14:27,sma20,Sell,CALL,10550,19.65
24-Jun-2020,14:27,bb1sd,Sell,CALL,10550,19.65
24-Jun-2020,14:27,sma5,Buy,PUT,10500,134.85
24-Jun-2020,14:27,sma5,Sell,NIFTY,,10408.45
24-Jun-2020,14:27,sma20,Sell,NIFTY,,10408.45
24-Jun-2020,14:28,sma20,Sell,NIFTY,,10404.35
24-Jun-2020,14:28,bb1sd,Sell,CALL,10550,19.95
24-Jun-2020,14:30,sma5,Sell,NIFTY,,10393.4
24-Jun-2020,14:30,bb1sd,Sell,NIFTY,,10393.4
24-Jun-2020,14:30,bb1sd,Sell,CALL,10550,17.8
24-Jun-2020,14:30,bb2sd,Sell,CALL,10550,17.8
24-Jun-2020,14:30,stochastic,Sell,CALL,10550,17.8
24-Jun-2020,14:30,combination,Sell,CALL,10550,17.8
24-Jun-2020,14:30,sma20,Buy,PUT,10500,142.3
24-Jun-2020,14:31,bb1sd,Sell,NIFTY,,10395.7
24-Jun-2020,14:31,stochastic,Sell,NIFTY,,10395.7
24-Jun-2020,14:31,combination,Sell,NIFTY,,10395.7
24-Jun-2020,14:31,bb1sd,Sell,CALL,10550,18
24-Jun-2020,14:31,bb2sd,Sell,CALL,10550,18
24-Jun-2020,14:31,stochastic,Sell,CALL,10550,18
24-Jun-2020,14:31,combination,Sell,CALL,10550,18
24-Jun-2020,14:32,sma20,Buy,NIFTY,,10405.9
24-Jun-2020,14:32,sma5,Buy,NIFTY,,10405.9
24-Jun-2020,14:32,sma5,Sell,PUT,10500,135.9
24-Jun-2020,14:32,sma20,Sell,PUT,10500,135.9
24-Jun-2020,14:32,sma5,Buy,CALL,10550,19.2
24-Jun-2020,14:34,sma5,Sell,CALL,10550,18.6
24-Jun-2020,14:34,bb1sd,Sell,CALL,10550,18.6
24-Jun-2020,14:34,sma5,Buy,PUT,10500,139.75
24-Jun-2020,14:34,sma20,Buy,PUT,10500,139.75
24-Jun-2020,14:35,sma5,Sell,NIFTY,,10394
24-Jun-2020,14:35,stochastic,Sell,CALL,10550,17.9
24-Jun-2020,14:35,sma5,Buy,PUT,10500,143.55
24-Jun-2020,14:35,combination,Sell,CALL,10550,17.9
24-Jun-2020,14:35,bb1sd,Sell,NIFTY,,10394
24-Jun-2020,14:35,bb1sd,Sell,CALL,10550,17.9
24-Jun-2020,14:35,bb1sd,Buy,PUT,10500,143.55
24-Jun-2020,14:36,bb2sd,Sell,NIFTY,,10377.05
24-Jun-2020,14:36,stochastic,Sell,NIFTY,,10377.05
24-Jun-2020,14:36,combination,Sell,NIFTY,,10377.05
24-Jun-2020,14:36,bb1sd,Sell,CALL,10550,14.4
24-Jun-2020,14:36,bb2sd,Sell,CALL,10550,14.4
24-Jun-2020,14:36,stochastic,Sell,CALL,10550,14.4
24-Jun-2020,14:36,combination,Sell,CALL,10550,14.4
24-Jun-2020,14:36,bb1sd,Buy,PUT,10500,160.15
24-Jun-2020,14:36,bb1sd,Sell,NIFTY,,10377.05
24-Jun-2020,14:36,bb2sd,Buy,PUT,10500,160.15
24-Jun-2020,14:37,bb1sd,Sell,NIFTY,,10370.25
24-Jun-2020,14:37,bb2sd,Sell,NIFTY,,10370.25
24-Jun-2020,14:37,stochastic,Sell,NIFTY,,10370.25
24-Jun-2020,14:37,combination,Sell,NIFTY,,10370.25
24-Jun-2020,14:37,bb1sd,Sell,CALL,10550,12.7
24-Jun-2020,14:37,bb2sd,Sell,CALL,10550,12.7
24-Jun-2020,14:37,stochastic,Sell,CALL,10550,12.7
24-Jun-2020,14:37,combination,Sell,CALL,10550,12.7
24-Jun-2020,14:37,bb1sd,Buy,PUT,10500,167.65
24-Jun-2020,14:37,bb2sd,Buy,PUT,10500,167.65
24-Jun-2020,14:37,stochastic,Buy,PUT,10500,167.65
24-Jun-2020,14:37,combination,Buy,PUT,10500,167.65
24-Jun-2020,14:38,bb1sd,Sell,NIFTY,,10371.85
24-Jun-2020,14:38,bb2sd,Sell,NIFTY,,10371.85
24-Jun-2020,14:38,stochastic,Sell,NIFTY,,10371.85
24-Jun-2020,14:38,combination,Sell,NIFTY,,10371.85
24-Jun-2020,14:38,bb1sd,Sell,CALL,10550,13.6
24-Jun-2020,14:38,bb2sd,Sell,CALL,10550,13.6
24-Jun-2020,14:38,stochastic,Sell,CALL,10550,13.6
24-Jun-2020,14:38,combination,Sell,CALL,10550,13.6
24-Jun-2020,14:38,bb1sd,Buy,PUT,10500,169.55
24-Jun-2020,14:38,bb2sd,Buy,PUT,10500,169.55
24-Jun-2020,14:38,stochastic,Buy,PUT,10500,169.55
24-Jun-2020,14:38,combination,Buy,PUT,10500,169.55
24-Jun-2020,14:39,bb1sd,Sell,NIFTY,,10361.2
24-Jun-2020,14:39,bb2sd,Sell,NIFTY,,10361.2
24-Jun-2020,14:39,stochastic,Sell,NIFTY,,10361.2
24-Jun-2020,14:39,combination,Sell,NIFTY,,10361.2
24-Jun-2020,14:39,bb1sd,Sell,CALL,10550,13.15
24-Jun-2020,14:39,stochastic,Sell,CALL,10550,13.15
24-Jun-2020,14:39,combination,Sell,CALL,10550,13.15
24-Jun-2020,14:39,bb1sd,Buy,PUT,10500,175.5
24-Jun-2020,14:39,bb2sd,Buy,PUT,10500,175.5
24-Jun-2020,14:39,stochastic,Buy,PUT,10500,175.5
24-Jun-2020,14:39,combination,Buy,PUT,10500,175.5
24-Jun-2020,14:40,bb1sd,Sell,NIFTY,,10355.6
24-Jun-2020,14:40,bb2sd,Sell,NIFTY,,10355.6
24-Jun-2020,14:40,stochastic,Sell,NIFTY,,10355.6
24-Jun-2020,14:40,combination,Sell,NIFTY,,10355.6
24-Jun-2020,14:40,sma5,Sell,CALL,10550,12.6
24-Jun-2020,14:40,bb1sd,Sell,CALL,10550,12.6
24-Jun-2020,14:40,stochastic,Sell,CALL,10550,12.6
24-Jun-2020,14:40,combination,Sell,CALL,10550,12.6
24-Jun-2020,14:40,bb1sd,Buy,PUT,10500,176.05
24-Jun-2020,14:40,bb2sd,Buy,PUT,10500,176.05
24-Jun-2020,14:40,stochastic,Buy,PUT,10500,176.05
24-Jun-2020,14:40,combination,Buy,PUT,10500,176.05
24-Jun-2020,14:41,bb1sd,Sell,NIFTY,,10358.35
24-Jun-2020,14:41,stochastic,Sell,NIFTY,,10358.35
24-Jun-2020,14:41,combination,Sell,NIFTY,,10358.35
24-Jun-2020,14:41,sma5,Buy,CALL,10550,13.45
24-Jun-2020,14:41,bb1sd,Sell,CALL,10550,13.45
24-Jun-2020,14:41,stochastic,Sell,CALL,10550,13.45
24-Jun-2020,14:41,combination,Sell,CALL,10550,13.45
24-Jun-2020,14:41,sma5,Sell,PUT,10500,170.65
24-Jun-2020,14:41,bb1sd,Buy,PUT,10500,170.65
24-Jun-2020,14:41,stochastic,Buy,PUT,10500,170.65
24-Jun-2020,14:41,combination,Buy,PUT,10500,170.65
24-Jun-2020,14:42,bb1sd,Sell,NIFTY,,10353.7
24-Jun-2020,14:42,stochastic,Sell,NIFTY,,10353.7
24-Jun-2020,14:42,combination,Sell,NIFTY,,10353.7
24-Jun-2020,14:42,sma5,Sell,CALL,10550,12.95
24-Jun-2020,14:42,bb1sd,Sell,CALL,10550,12.95
24-Jun-2020,14:42,stochastic,Sell,CALL,10550,12.95
24-Jun-2020,14:42,combination,Sell,CALL,10550,12.95
24-Jun-2020,14:42,sma5,Buy,PUT,10500,176.95
24-Jun-2020,14:42,bb1sd,Buy,PUT,10500,176.95
24-Jun-2020,14:42,stochastic,Buy,PUT,10500,176.95
24-Jun-2020,14:42,combination,Buy,PUT,10500,176.95
24-Jun-2020,14:43,bb1sd,Sell,NIFTY,,10343.7
24-Jun-2020,14:43,stochastic,Sell,NIFTY,,10343.7
24-Jun-2020,14:43,combination,Sell,NIFTY,,10343.7
24-Jun-2020,14:43,bb1sd,Sell,CALL,10550,11.6
24-Jun-2020,14:43,stochastic,Sell,CALL,10550,11.6
24-Jun-2020,14:43,combination,Sell,CALL,10550,11.6
24-Jun-2020,14:43,bb1sd,Buy,PUT,10500,181.2
24-Jun-2020,14:43,stochastic,Buy,PUT,10500,181.2
24-Jun-2020,14:43,combination,Buy,PUT,10500,181.2
24-Jun-2020,14:44,stochastic,Sell,NIFTY,,10343.45
24-Jun-2020,14:44,bb1sd,Sell,CALL,10550,11.5
24-Jun-2020,14:44,combination,Sell,CALL,10550,11.5
24-Jun-2020,14:44,stochastic,Buy,PUT,10500,181.9
24-Jun-2020,14:44,bb1sd,Buy,PUT,10500,181.9
24-Jun-2020,14:44,combination,Buy,PUT,10500,181.9
24-Jun-2020,14:44,bb1sd,Sell,NIFTY,,10343.45
24-Jun-2020,14:44,stochastic,Sell,CALL,10550,11.5
24-Jun-2020,14:44,combination,Sell,NIFTY,,10343.45
24-Jun-2020,14:45,sma5,Buy,NIFTY,,10352.75
24-Jun-2020,14:45,bb1sd,Sell,NIFTY,,10352.75
24-Jun-2020,14:45,stochastic,Sell,NIFTY,,10352.75
24-Jun-2020,14:45,combination,Sell,NIFTY,,10352.75
24-Jun-2020,14:45,bb1sd,Sell,CALL,10550,11.8
24-Jun-2020,14:45,stochastic,Sell,CALL,10550,11.8
24-Jun-2020,14:45,combination,Sell,CALL,10550,11.8
24-Jun-2020,14:45,sma5,Sell,PUT,10500,175.3
24-Jun-2020,14:45,bb1sd,Buy,PUT,10500,175.3
24-Jun-2020,14:45,stochastic,Buy,PUT,10500,175.3
24-Jun-2020,14:45,combination,Buy,PUT,10500,175.3
24-Jun-2020,14:46,bb1sd,Sell,NIFTY,,10350
24-Jun-2020,14:46,stochastic,Sell,NIFTY,,10350
24-Jun-2020,14:46,combination,Sell,NIFTY,,10350
24-Jun-2020,14:46,sma5,Buy,CALL,10550,12.25
24-Jun-2020,14:46,stochastic,Sell,CALL,10550,12.25
24-Jun-2020,14:46,bb1sd,Buy,PUT,10500,176.3
24-Jun-2020,14:46,stochastic,Buy,PUT,10500,176.3
24-Jun-2020,14:46,combination,Buy,PUT,10500,176.3
24-Jun-2020,14:47,bb1sd,Sell,NIFTY,,10348.3
24-Jun-2020,14:47,stochastic,Sell,NIFTY,,10348.3
24-Jun-2020,14:47,combination,Sell,NIFTY,,10348.3
24-Jun-2020,14:47,bb1sd,Sell,CALL,10550,12
24-Jun-2020,14:47,stochastic,Sell,CALL,10550,12
24-Jun-2020,14:47,combination,Sell,CALL,10550,12
24-Jun-2020,14:47,stochastic,Buy,PUT,10500,177.6
24-Jun-2020,14:48,sma5,Sell,NIFTY,,10345.9
24-Jun-2020,14:48,bb1sd,Sell,NIFTY,,10345.9
24-Jun-2020,14:48,stochastic,Sell,NIFTY,,10345.9
24-Jun-2020,14:48,combination,Sell,NIFTY,,10345.9
24-Jun-2020,14:48,bb1sd,Sell,CALL,10550,11.55
24-Jun-2020,14:48,stochastic,Sell,CALL,10550,11.55
24-Jun-2020,14:48,combination,Sell,CALL,10550,11.55
24-Jun-2020,14:48,sma5,Buy,PUT,10500,181.35
24-Jun-2020,14:48,bb1sd,Buy,PUT,10500,181.35
24-Jun-2020,14:48,stochastic,Buy,PUT,10500,181.35
24-Jun-2020,14:48,combination,Buy,PUT,10500,181.35
24-Jun-2020,14:49,bb1sd,Sell,NIFTY,,10337.2
24-Jun-2020,14:49,stochastic,Sell,NIFTY,,10337.2
24-Jun-2020,14:49,combination,Sell,NIFTY,,10337.2
24-Jun-2020,14:49,stochastic,Sell,CALL,10550,11
24-Jun-2020,14:49,combination,Sell,CALL,10550,11
24-Jun-2020,14:49,bb1sd,Buy,PUT,10500,185.9
24-Jun-2020,14:49,stochastic,Buy,PUT,10500,185.9
24-Jun-2020,14:49,bb1sd,Sell,CALL,10550,11
24-Jun-2020,14:49,combination,Buy,PUT,10500,185.9
24-Jun-2020,14:50,bb1sd,Sell,NIFTY,,10323.5
24-Jun-2020,14:50,stochastic,Sell,NIFTY,,10323.5
24-Jun-2020,14:50,bb1sd,Sell,CALL,10550,9.45
24-Jun-2020,14:50,stochastic,Sell,CALL,10550,9.45
24-Jun-2020,14:50,combination,Sell,CALL,10550,9.45
24-Jun-2020,14:50,bb1sd,Buy,PUT,10500,196.65
24-Jun-2020,14:50,combination,Sell,NIFTY,,10323.5
24-Jun-2020,14:50,stochastic,Buy,PUT,10500,196.65
24-Jun-2020,14:50,combination,Buy,PUT,10500,196.65
24-Jun-2020,14:51,bb1sd,Sell,NIFTY,,10329.9
24-Jun-2020,14:51,stochastic,Sell,NIFTY,,10329.9
24-Jun-2020,14:51,combination,Sell,NIFTY,,10329.9
24-Jun-2020,14:51,bb1sd,Sell,CALL,10550,10.15
24-Jun-2020,14:51,stochastic,Sell,CALL,10550,10.15
24-Jun-2020,14:51,combination,Sell,CALL,10550,10.15
24-Jun-2020,14:51,bb1sd,Buy,PUT,10500,194.5
24-Jun-2020,14:51,stochastic,Buy,PUT,10500,194.5
24-Jun-2020,14:51,combination,Buy,PUT,10500,194.5
24-Jun-2020,14:52,bb1sd,Sell,NIFTY,,10327.5
24-Jun-2020,14:52,stochastic,Sell,NIFTY,,10327.5
24-Jun-2020,14:52,combination,Sell,NIFTY,,10327.5
24-Jun-2020,14:52,sma5,Sell,CALL,10550,9.85
24-Jun-2020,14:52,bb1sd,Sell,CALL,10550,9.85
24-Jun-2020,14:52,stochastic,Sell,CALL,10550,9.85
24-Jun-2020,14:52,combination,Sell,CALL,10550,9.85
24-Jun-2020,14:52,bb1sd,Buy,PUT,10500,197.2
24-Jun-2020,14:52,stochastic,Buy,PUT,10500,197.2
24-Jun-2020,14:52,combination,Buy,PUT,10500,197.2
24-Jun-2020,14:53,sma5,Sell,NIFTY,,10316.55
24-Jun-2020,14:53,bb1sd,Sell,NIFTY,,10316.55
24-Jun-2020,14:53,combination,Sell,NIFTY,,10316.55
24-Jun-2020,14:53,bb1sd,Sell,CALL,10550,8.8
24-Jun-2020,14:53,stochastic,Sell,CALL,10550,8.8
24-Jun-2020,14:53,combination,Sell,CALL,10550,8.8
24-Jun-2020,14:53,bb1sd,Buy,PUT,10500,205.8
24-Jun-2020,14:53,stochastic,Buy,PUT,10500,205.8
24-Jun-2020,14:53,stochastic,Sell,NIFTY,,10316.55
24-Jun-2020,14:53,combination,Buy,PUT,10500,205.8
24-Jun-2020,14:54,bb1sd,Sell,NIFTY,,10312.55
24-Jun-2020,14:54,stochastic,Sell,NIFTY,,10312.55
24-Jun-2020,14:54,combination,Sell,NIFTY,,10312.55
24-Jun-2020,14:54,bb1sd,Sell,CALL,10550,8.4
24-Jun-2020,14:54,stochastic,Sell,CALL,10550,8.4
24-Jun-2020,14:54,combination,Sell,CALL,10550,8.4
24-Jun-2020,14:54,bb1sd,Buy,PUT,10500,206.3
24-Jun-2020,14:54,stochastic,Buy,PUT,10500,206.3
24-Jun-2020,14:54,combination,Buy,PUT,10500,206.3
24-Jun-2020,14:55,bb1sd,Sell,NIFTY,,10317.05
24-Jun-2020,14:55,stochastic,Sell,NIFTY,,10317.05
24-Jun-2020,14:55,combination,Sell,NIFTY,,10317.05
24-Jun-2020,14:55,bb1sd,Sell,CALL,10550,8.85
24-Jun-2020,14:55,stochastic,Sell,CALL,10550,8.85
24-Jun-2020,14:55,combination,Sell,CALL,10550,8.85
24-Jun-2020,14:55,sma5,Sell,PUT,10500,200.3
24-Jun-2020,14:55,bb1sd,Buy,PUT,10500,200.3
24-Jun-2020,14:55,stochastic,Buy,PUT,10500,200.3
24-Jun-2020,14:55,combination,Buy,PUT,10500,200.3
24-Jun-2020,14:56,sma5,Buy,NIFTY,,10332.15
24-Jun-2020,14:56,sma5,Buy,CALL,10550,9.4
24-Jun-2020,14:56,bb1sd,Sell,CALL,10550,9.4
24-Jun-2020,14:56,stochastic,Sell,CALL,10550,9.4
24-Jun-2020,14:56,combination,Sell,CALL,10550,9.4
24-Jun-2020,14:56,sma5,Sell,PUT,10500,192.1
24-Jun-2020,14:57,sma20,Buy,NIFTY,,10345.05
24-Jun-2020,14:58,sma20,Sell,NIFTY,,10329.7
24-Jun-2020,14:59,sma5,Sell,CALL,10550,9.7
24-Jun-2020,14:59,sma5,Buy,PUT,10500,197.05
24-Jun-2020,15:01,sma5,Buy,NIFTY,,10338.25
24-Jun-2020,15:01,sma5,Buy,CALL,10550,10.55
24-Jun-2020,15:01,sma5,Sell,PUT,10500,190.95
24-Jun-2020,15:01,sma20,Buy,NIFTY,,10338.25
24-Jun-2020,15:02,sma5,Sell,NIFTY,,10321.5
24-Jun-2020,15:02,bb1sd,Sell,NIFTY,,10321.5
24-Jun-2020,15:02,sma20,Sell,NIFTY,,10321.5
24-Jun-2020,15:02,sma5,Sell,CALL,10550,9.55
24-Jun-2020,15:02,sma20,Sell,CALL,10550,9.55
24-Jun-2020,15:02,sma5,Buy,PUT,10500,204.05
24-Jun-2020,15:02,bb1sd,Buy,PUT,10500,204.05
24-Jun-2020,15:02,sma20,Buy,PUT,10500,204.05
24-Jun-2020,15:03,sma5,Buy,NIFTY,,10329.6
24-Jun-2020,15:03,sma5,Buy,CALL,10550,10.25
24-Jun-2020,15:03,sma20,Buy,CALL,10550,10.25
24-Jun-2020,15:03,sma5,Sell,PUT,10500,193.6
24-Jun-2020,15:04,sma5,Sell,NIFTY,,10320.65
24-Jun-2020,15:04,sma5,Sell,CALL,10550,9.95
24-Jun-2020,15:04,sma20,Sell,CALL,10550,9.95
24-Jun-2020,15:04,sma5,Buy,PUT,10500,201.05
24-Jun-2020,15:05,bb1sd,Sell,NIFTY,,10314.25
24-Jun-2020,15:05,bb1sd,Sell,CALL,10550,9
24-Jun-2020,15:06,bb1sd,Sell,CALL,10550,8.95
24-Jun-2020,15:06,sma5,Sell,PUT,10500,197
24-Jun-2020,15:06,sma5,Buy,NIFTY,,10321.25
24-Jun-2020,15:07,sma5,Sell,NIFTY,,10314.95
24-Jun-2020,15:07,bb1sd,Sell,NIFTY,,10314.95
24-Jun-2020,15:07,stochastic,Sell,NIFTY,,10314.95
24-Jun-2020,15:07,combination,Sell,NIFTY,,10314.95
24-Jun-2020,15:07,bb1sd,Sell,CALL,10550,8.75
24-Jun-2020,15:07,stochastic,Sell,CALL,10550,8.75
24-Jun-2020,15:07,combination,Sell,CALL,10550,8.75
24-Jun-2020,15:07,sma5,Buy,PUT,10500,204.1
24-Jun-2020,15:07,bb1sd,Buy,PUT,10500,204.1
24-Jun-2020,15:07,stochastic,Buy,PUT,10500,204.1
24-Jun-2020,15:07,combination,Buy,PUT,10500,204.1
24-Jun-2020,15:08,bb1sd,Sell,NIFTY,,10308.8
24-Jun-2020,15:08,stochastic,Sell,NIFTY,,10308.8
24-Jun-2020,15:08,combination,Sell,NIFTY,,10308.8
24-Jun-2020,15:08,bb1sd,Sell,CALL,10550,8.3
24-Jun-2020,15:08,stochastic,Sell,CALL,10550,8.3
24-Jun-2020,15:08,combination,Sell,CALL,10550,8.3
24-Jun-2020,15:08,bb1sd,Buy,PUT,10500,212
24-Jun-2020,15:08,bb2sd,Buy,PUT,10500,212
24-Jun-2020,15:08,stochastic,Buy,PUT,10500,212
24-Jun-2020,15:08,combination,Buy,PUT,10500,212
24-Jun-2020,15:09,bb1sd,Sell,NIFTY,,10312.85
24-Jun-2020,15:09,stochastic,Sell,NIFTY,,10312.85
24-Jun-2020,15:09,combination,Sell,NIFTY,,10312.85
24-Jun-2020,15:09,bb1sd,Sell,CALL,10550,8.4
24-Jun-2020,15:09,stochastic,Sell,CALL,10550,8.4
24-Jun-2020,15:09,combination,Sell,CALL,10550,8.4
24-Jun-2020,15:09,bb1sd,Buy,PUT,10500,206.5
24-Jun-2020,15:10,bb1sd,Sell,NIFTY,,10306.35
24-Jun-2020,15:10,stochastic,Sell,NIFTY,,10306.35
24-Jun-2020,15:10,combination,Sell,NIFTY,,10306.35
24-Jun-2020,15:10,sma5,Sell,CALL,10550,7.9
24-Jun-2020,15:10,bb1sd,Sell,CALL,10550,7.9
24-Jun-2020,15:10,bb2sd,Sell,CALL,10550,7.9
24-Jun-2020,15:10,stochastic,Sell,CALL,10550,7.9
24-Jun-2020,15:10,combination,Sell,CALL,10550,7.9
24-Jun-2020,15:10,sma5,Buy,PUT,10500,214
24-Jun-2020,15:10,bb1sd,Buy,PUT,10500,214
24-Jun-2020,15:10,bb2sd,Buy,PUT,10500,214
24-Jun-2020,15:10,stochastic,Buy,PUT,10500,214
24-Jun-2020,15:10,combination,Buy,PUT,10500,214
24-Jun-2020,15:11,bb1sd,Sell,NIFTY,,10299.25
24-Jun-2020,15:11,stochastic,Sell,NIFTY,,10299.25
24-Jun-2020,15:11,combination,Sell,NIFTY,,10299.25
24-Jun-2020,15:11,bb1sd,Sell,CALL,10550,7.55
24-Jun-2020,15:11,bb2sd,Sell,CALL,10550,7.55
24-Jun-2020,15:11,stochastic,Sell,CALL,10550,7.55
24-Jun-2020,15:11,combination,Sell,CALL,10550,7.55
24-Jun-2020,15:11,bb1sd,Buy,PUT,10500,217
24-Jun-2020,15:11,bb2sd,Buy,PUT,10500,217
24-Jun-2020,15:11,stochastic,Buy,PUT,10500,217
24-Jun-2020,15:11,combination,Buy,PUT,10500,217
24-Jun-2020,15:12,bb1sd,Sell,NIFTY,,10285.35
24-Jun-2020,15:12,bb2sd,Sell,NIFTY,,10285.35
24-Jun-2020,15:12,stochastic,Sell,NIFTY,,10285.35
24-Jun-2020,15:12,combination,Sell,NIFTY,,10285.35
24-Jun-2020,15:12,bb1sd,Sell,CALL,10550,7.2
24-Jun-2020,15:12,stochastic,Sell,CALL,10550,7.2
24-Jun-2020,15:12,combination,Sell,CALL,10550,7.2
24-Jun-2020,15:12,bb1sd,Buy,PUT,10500,230.7
24-Jun-2020,15:12,bb2sd,Buy,PUT,10500,230.7
24-Jun-2020,15:12,stochastic,Buy,PUT,10500,230.7
24-Jun-2020,15:12,combination,Buy,PUT,10500,230.7
24-Jun-2020,15:13,bb1sd,Sell,NIFTY,,10285.85
24-Jun-2020,15:13,bb2sd,Sell,NIFTY,,10285.85
24-Jun-2020,15:13,stochastic,Sell,NIFTY,,10285.85
24-Jun-2020,15:13,combination,Sell,NIFTY,,10285.85
24-Jun-2020,15:13,bb1sd,Sell,CALL,10550,6.75
24-Jun-2020,15:13,bb2sd,Sell,CALL,10550,6.75
24-Jun-2020,15:13,stochastic,Sell,CALL,10550,6.75
24-Jun-2020,15:13,combination,Sell,CALL,10550,6.75
24-Jun-2020,15:13,bb1sd,Buy,PUT,10500,230.5
24-Jun-2020,15:13,bb2sd,Buy,PUT,10500,230.5
24-Jun-2020,15:13,stochastic,Buy,PUT,10500,230.5
24-Jun-2020,15:13,combination,Buy,PUT,10500,230.5
24-Jun-2020,15:14,bb1sd,Sell,NIFTY,,10290.6
24-Jun-2020,15:14,stochastic,Sell,NIFTY,,10290.6
24-Jun-2020,15:14,combination,Sell,NIFTY,,10290.6
24-Jun-2020,15:14,bb1sd,Sell,CALL,10550,7
24-Jun-2020,15:14,bb2sd,Sell,CALL,10550,7
24-Jun-2020,15:14,stochastic,Sell,CALL,10550,7
24-Jun-2020,15:14,combination,Sell,CALL,10550,7
24-Jun-2020,15:14,bb1sd,Buy,PUT,10500,226.3
24-Jun-2020,15:14,stochastic,Buy,PUT,10500,226.3
24-Jun-2020,15:14,combination,Buy,PUT,10500,226.3
24-Jun-2020,15:15,sma5,Buy,NIFTY,,10302.25
24-Jun-2020,15:15,stochastic,Sell,CALL,10550,7.4
24-Jun-2020,15:15,combination,Sell,CALL,10550,7.4
24-Jun-2020,15:15,sma5,Sell,PUT,10500,219
24-Jun-2020,15:15,bb1sd,Buy,PUT,10500,219
24-Jun-2020,15:15,bb1sd,Sell,CALL,10550,7.4
24-Jun-2020,15:16,bb1sd,Sell,CALL,10550,7.55
