time,open,high,low,close,median,callToken,callbuyQty,callsellQty,callChange,putToken,putbuyQty,putsellQty,putChange,mad
14:27:55,24973.5,24976.05,24968.65,24973.6,24971.8,NIFTY24JUL25C24950,6300,5475,-39.95,NIFTY24JUL25P24950,24225,12375,69.75,1.7
14:29:55,24973.95,24988.15,24973.85,24985.35,24983.63,NIFTY24JUL25C25000,10125,15000,-39.8,NIFTY24JUL25P25000,10650,10050,62.29,4
14:32:01,24985,24991.6,24984,24985.3,24988.53,NIFTY24JUL25C25000,5100,8925,-40.66,NIFTY24JUL25P25000,10950,5850,63.06,1.55
14:33:56,24984.85,24998.85,24983.85,24995.35,24995.75,NIFTY24JUL25C25000,5775,8175,-37.76,NIFTY24JUL25P25000,12900,4425,56.32,1.23
14:35:57,24995.45,25005.2,24995.35,24998.9,25000.8,NIFTY24JUL25C25000,7575,8325,-36.9,NIFTY24JUL25P25000,10725,11175,53.58,1.35
14:37:57,24999.35,24999.35,24982.95,24985.1,24987.98,NIFTY24JUL25C25000,7200,9225,-39.08,NIFTY24JUL25P25000,15375,11850,57.51,3.57
14:39:58,24983.8,24986.1,24977.35,24977.7,24980.82,NIFTY24JUL25C25000,7500,7125,-42.24,NIFTY24JUL25P25000,9675,9975,65.8,1.12
14:41:58,24979.4,24983.55,24976.3,24979.3,24980.53,NIFTY24JUL25C25000,9975,7500,-42.09,NIFTY24JUL25P25000,11175,9900,66.01,1.05
14:43:59,24979.1,24984,24974.8,24977.45,24977.7,NIFTY24JUL25C25000,7350,7725,-41.54,NIFTY24JUL25P25000,13125,11475,63.27,1.25
14:45:59,24979.75,24979.75,24952.95,24954.95,24964.7,NIFTY24JUL25C24950,6300,5025,-41.77,NIFTY24JUL25P24950,8850,10575,75.37,6.9
14:48:00,24954.9,24971.1,24954.9,24963.95,24967.7,NIFTY24JUL25C24950,4500,3900,-41.16,NIFTY24JUL25P24950,6075,11175,73.64,2
14:50:00,24963.9,24967.8,24961.7,24964.2,24964.75,NIFTY24JUL25C24950,6450,10575,-41.28,NIFTY24JUL25P24950,5175,11625,74.59,0.7
14:52:01,24963.8,24966.5,24959.85,24962.25,24962.85,NIFTY24JUL25C24950,6000,3300,-41.33,NIFTY24JUL25P24950,9150,9825,73.38,1
14:54:01,24961.85,24969.95,24960.7,24969.9,24965.7,NIFTY24JUL25C24950,4950,5550,-39.61,NIFTY24JUL25P24950,12375,8175,65.25,1.45
14:56:02,24968.15,24972.95,24966.75,24966.75,24969.7,NIFTY24JUL25C24950,4725,5925,-40.92,NIFTY24JUL25P24950,7050,10350,70.44,0.7
14:58:02,24966.45,24972.15,24963.1,24972.15,24966.6,NIFTY24JUL25C24950,5700,4950,-38.61,NIFTY24JUL25P24950,14100,9150,62.06,1.35
15:00:03,24972.4,24976.3,24968.55,24976.3,24971.2,NIFTY24JUL25C25000,4875,14100,-40.55,NIFTY24JUL25P25000,11325,9225,60.39,0.85
15:02:03,24976.2,24980.9,24967.6,24971.3,24971.63,NIFTY24JUL25C24950,3900,5475,-38.8,NIFTY24JUL25P24950,7350,11400,62.4,1.97
15:04:03,24971.8,24975.55,24963.85,24964.55,24972.7,NIFTY24JUL25C24950,3450,7125,-40.52,NIFTY24JUL25P24950,11250,11175,68.71,1.67
15:06:04,24964.5,24968.1,24962.7,24966.2,24965.7,NIFTY24JUL25C24950,5325,7500,-39.73,NIFTY24JUL25P24950,9750,10500,67.16,0.75
15:08:04,24966.5,24973.35,24965.75,24969.7,24968.2,NIFTY24JUL25C24950,8925,6750,-39.78,NIFTY24JUL25P24950,13275,16350,66.12,1
15:10:04,24969.55,24971.35,24962.95,24967.75,24966,NIFTY24JUL25C24950,4125,7575,-39.65,NIFTY24JUL25P24950,15600,4500,68.11,1.45
15:12:04,24968.8,24969.3,24966.5,24969.1,24967.7,NIFTY24JUL25C24950,7575,7875,-39.44,NIFTY24JUL25P24950,10650,14250,67.33,0.4
15:14:05,24968.65,24975.7,24966.35,24967.2,24970.55,NIFTY24JUL25C24950,7800,12300,-39.31,NIFTY24JUL25P24950,8700,9525,67.5,1.5
15:16:05,24967.05,24973.25,24967.05,24969.15,24970.7,NIFTY24JUL25C24950,6375,4875,-38.43,NIFTY24JUL25P24950,12600,3675,65.43,1.05
15:18:05,24969.7,24972.7,24967.9,24970.8,24971,NIFTY24JUL25C24950,6750,4650,-38.31,NIFTY24JUL25P24950,10650,11400,64.39,0.6
15:20:06,24969.15,24971.85,24965.25,24966,24969.25,NIFTY24JUL25C24950,3825,6225,-38.52,NIFTY24JUL25P24950,5775,9000,65.17,0.7
15:22:06,24966.65,24970.9,24963.55,24970.4,24967.1,NIFTY24JUL25C24950,3000,6900,-38.01,NIFTY24JUL25P24950,8025,10425,66.03,1.35
15:24:06,24971.15,24973.95,24968.25,24973.65,24970.55,NIFTY24JUL25C24950,16800,7800,-37.65,NIFTY24JUL25P24950,6975,9900,65.95,0.5
15:26:07,24972.3,24976.35,24971.4,24974.45,24974.45,NIFTY24JUL25C24950,3375,2775,-37.78,NIFTY24JUL25P24950,6600,3975,65.69,0.75
15:28:07,24974.65,24978.4,24971.75,24973.7,24975.45,NIFTY24JUL25C24950,675,1650,-37.63,NIFTY24JUL25P24950,3150,12675,65.69,1.2
15:31:00,24974.3,24976.3,24963.3,24968.4,24972.1,NIFTY24JUL25C24950,1575,750,-37.76,NIFTY24JUL25P24950,1875,2175,71.31,1.6
15:06:20,25076.1,25084.45,25076.1,25081.3,25081.2,NIFTY24JUL25C25100,8475,12675,11.68,NIFTY24JUL25P25100,8700,12675,-46.41,0.82
15:11:29,25074.5,25081.55,25072.2,25081.1,25076.65,NIFTY24JUL25C25100,9600,7350,6.29,NIFTY24JUL25P25100,9150,10650,-44.92,1.65
15:13:29,25081.5,25088.65,25079.75,25084.7,25083.8,NIFTY24JUL25C25100,11400,4725,5.33,NIFTY24JUL25P25100,5250,9600,-45.04,0.9
15:15:30,25083.45,25090.55,25083,25088.25,25088.5,NIFTY24JUL25C25100,6150,10275,6.63,NIFTY24JUL25P25100,4950,10950,-46.5,0.7
10:51:57,25096.5,25100.2,25095.2,25098.05,25098.05,NIFTY24JUL25C25100,14100,24150,-13.72,NIFTY24JUL25P25100,9975,21675,-19.08,0.7
10:53:57,25098.25,25098.95,25086.1,25091.85,25091.6,NIFTY24JUL25C25100,12300,10725,-16.42,NIFTY24JUL25P25100,10800,16950,-16.91,3.6
10:55:58,25092.95,25094.3,25088.75,25090,25092.7,NIFTY24JUL25C25100,11325,12150,-17.5,NIFTY24JUL25P25100,12150,13950,-14.96,0.55
10:57:59,25089.6,25092.6,25085.85,25086.7,25089.25,NIFTY24JUL25C25100,8400,11925,-19.21,NIFTY24JUL25P25100,9675,15600,-14.06,1.45
10:59:59,25086.4,25088.55,25082.85,25085.7,25085.9,NIFTY24JUL25C25100,12075,19125,-20.04,NIFTY24JUL25P25100,15075,16125,-12.95,1.4
13:41:38,25171.45,25182,25170.1,25172.1,25175,NIFTY24JUL25C25150,8625,13350,78.83,NIFTY24JUL25P25150,35775,33075,-65.26,2.4
13:59:15,25173.15,25195.55,25169.25,25194.7,25181.95,NIFTY24JUL25C25200,26925,20700,106.64,NIFTY24JUL25P25200,12000,11550,-65.99,3.9
14:09:16,25195,25195.1,25182.65,25187.25,25188.35,NIFTY24JUL25C25200,24300,21750,84.97,NIFTY24JUL25P25200,12525,38550,-63.52,1.3
14:19:17,25187.1,25218.65,25184.4,25205.8,25197.6,NIFTY24JUL25C25200,17325,18300,107.69,NIFTY24JUL25P25200,17175,20175,-68.39,9.38
14:29:17,25205.7,25210,25195.8,25198.8,25202.45,NIFTY24JUL25C25200,18825,25650,94.93,NIFTY24JUL25P25200,26550,36750,-66.97,3.3
14:39:17,25198.4,25212.7,25192,25210,25204.73,NIFTY24JUL25C25200,12000,30075,113.29,NIFTY24JUL25P25200,21450,15825,-69.55,3.38
14:49:18,25210.3,25212.8,25200.9,25206.7,25208.7,NIFTY24JUL25C25200,19200,24075,106.99,NIFTY24JUL25P25200,20100,24600,-69,1.55
14:59:18,25208.55,25216.55,25203.05,25213.4,25207.4,NIFTY24JUL25C25200,13425,16650,115.38,NIFTY24JUL25P25200,15600,13875,-72.43,2.45
15:09:19,25213.7,25231.7,25210.5,25228.95,25227.65,NIFTY24JUL25C25250,36525,30450,103.13,NIFTY24JUL25P25250,13425,14400,-66.76,1.85
15:19:19,25228.65,25233.4,25217,25219.95,25228.7,NIFTY24JUL25C25200,8400,18750,118.18,NIFTY24JUL25P25200,15450,35250,-75.3,1.7
12:05:36,25095.8,25098.05,25027.3,25027.9,25069.6,NIFTY24JUL25C25050,7875,12225,-82.35,NIFTY24JUL25P25050,6300,6000,507.25,9.45
12:15:36,25027.05,25053.35,25019.3,25047.8,25038.55,NIFTY24JUL25C25050,12900,17325,-80.09,NIFTY24JUL25P25050,19125,14025,358.55,5.8
12:59:22,25075.7,25083.45,25051.55,25051.55,25071.7,NIFTY24JUL25C25050,17625,16650,-81.55,NIFTY24JUL25P25050,34350,20925,187.56,5.3
13:09:22,25051.95,25060.05,25030.65,25053.65,25052.9,NIFTY24JUL25C25050,26475,22650,-84.62,NIFTY24JUL25P25050,39900,22425,154.4,2.25
13:19:23,25053.95,25070.85,25052.55,25063.35,25057.35,NIFTY24JUL25C25050,13275,28500,-80.95,NIFTY24JUL25P25050,60525,24600,88.6,1.95
13:29:23,25063.2,25063.95,25050.45,25060.25,25055.8,NIFTY24JUL25C25050,20475,50250,-82.87,NIFTY24JUL25P25050,55575,60750,89.12,1.7
13:39:24,25059.85,25065.05,25051.85,25056,25058.95,NIFTY24JUL25C25050,68250,29550,-88.85,NIFTY24JUL25P25050,51675,34875,109.33,2
10:51:09,24846.85,24880.2,24845.1,24875.75,24868.05,NIFTY31JUL25C24900,8625,8025,-50.25,NIFTY31JUL25P24900,11775,6075,149.45,3.05
11:07:37,24865.4,24891.6,24862.45,24885.35,24872.45,NIFTY31JUL25C24900,5775,11550,-49.29,NIFTY31JUL25P24900,6150,9000,137.48,5.18
11:17:37,24885.95,24888.85,24854.8,24858.45,24870.3,NIFTY31JUL25C24850,5400,4050,-50.96,NIFTY31JUL25P24850,7800,4800,175.9,7.35
11:38:45,24883.15,24916.85,24859.75,24860.25,24878.25,NIFTY31JUL25C24850,11850,7125,-49.57,NIFTY31JUL25P24850,8550,9375,157.92,10.55
12:11:23,24838.55,24848.25,24833.1,24834.8,24838.35,NIFTY31JUL25C24850,4200,9000,-53.33,NIFTY31JUL25P24850,10500,7950,185.07,2.95
12:21:24,24834.75,24847.7,24828.25,24833.85,24838.5,NIFTY31JUL25C24850,2775,6450,-53.69,NIFTY31JUL25P24850,7950,9975,187.1,4.07
12:31:24,24833.6,24834.55,24812.75,24831.35,24823.6,NIFTY31JUL25C24850,7950,6075,-55.78,NIFTY31JUL25P24850,7875,8250,202.15,3.2
12:41:25,24831.1,24886.6,24829.3,24867.15,24841.03,NIFTY31JUL25C24850,5325,3825,-51.96,NIFTY31JUL25P24850,5250,3975,169.91,8.53
12:51:25,24867.85,24875.6,24855.55,24866.1,24868,NIFTY31JUL25C24850,6225,6900,-52.39,NIFTY31JUL25P24850,8175,6300,167.65,3
13:01:25,24865.35,24868.1,24852.35,24866.25,24858.35,NIFTY31JUL25C24850,9750,7275,-51.26,NIFTY31JUL25P24850,8850,10575,162.44,2.88
13:11:26,24866.35,24868.5,24847.45,24857.2,24858.2,NIFTY31JUL25C24850,6300,7725,-52.88,NIFTY31JUL25P24850,9525,10275,169.57,4.7
13:21:26,24856.9,24865.05,24847.35,24859.4,24855.15,NIFTY31JUL25C24850,4650,7800,-52.72,NIFTY31JUL25P24850,9000,4500,164.25,2.2
13:31:27,24859.95,24872.85,24852.5,24853.8,24864.3,NIFTY31JUL25C24850,6600,6450,-54.15,NIFTY31JUL25P24850,3675,10200,164.48,2.8
13:41:27,24854.05,24854.05,24807.55,24850.5,24845.4,NIFTY31JUL25C24850,9525,6900,-54.32,NIFTY31JUL25P24850,6900,7050,170.14,6.9
13:51:28,24851,24870.35,24850.65,24865.15,24863.5,NIFTY31JUL25C24850,7050,7350,-52.27,NIFTY31JUL25P24850,9975,6225,152.49,3.4
14:01:29,24865.45,24880.05,24859.65,24877.05,24873.1,NIFTY31JUL25C24900,13500,8775,-53.77,NIFTY31JUL25P24900,4650,9825,134.46,2.2
14:11:29,24877.1,24877.6,24840.3,24845.8,24851,NIFTY31JUL25C24850,8400,8700,-54.89,NIFTY31JUL25P24850,9150,8850,165.27,7.3
14:58:54,24831.6,24833.7,24818.15,24829.15,24826.95,NIFTY31JUL25C24850,7725,7800,-57.24,NIFTY31JUL25P24850,6975,4725,172.17,2.25
11:01:14,24797.35,24844.65,24795.3,24844.35,24812.35,NIFTY31JUL25C24850,4650,5925,-1.71,NIFTY31JUL25P24850,7125,2550,-14.38,7.85
12:10:26,24815.15,24816.3,24791.3,24794.85,24799.73,NIFTY31JUL25C24800,9225,10650,-20.66,NIFTY31JUL25P24800,16275,12150,0.83,3.82
12:42:05,24790.1,24798.35,24782.6,24784.3,24789.85,NIFTY31JUL25C24800,10425,5250,-27.44,NIFTY31JUL25P24800,12825,13350,8.39,2.2
14:25:05,24676.5,24693.55,24674.1,24690.75,24682.2,NIFTY31JUL25C24700,31725,10125,-45.31,NIFTY31JUL25P24700,11850,10425,70.49,2.8
14:35:05,24691.7,24693,24670.2,24682,24678.95,NIFTY31JUL25C24700,9900,8625,-46.88,NIFTY31JUL25P24700,12825,13125,74.88,2.5
14:45:06,24680.75,24705.85,24680.25,24701.9,24694.85,NIFTY31JUL25C24700,7650,7950,-43.54,NIFTY31JUL25P24700,10350,9825,58.29,3.65
14:55:06,24702.1,24702.1,24677.75,24689.35,24689.65,NIFTY31JUL25C24700,5025,9900,-45.62,NIFTY31JUL25P24700,10950,6300,62.6,5.8
15:05:08,24689.55,24703.75,24672.2,24691.55,24689.05,NIFTY31JUL25C24700,6600,8325,-46.15,NIFTY31JUL25P24700,10350,8550,58.46,3.25
15:15:08,24690.85,24691.25,24676.8,24676.8,24684.85,NIFTY31JUL25C24700,7350,3450,-47.95,NIFTY31JUL25P24700,5175,12225,69.84,2.2
15:25:08,24677.45,24684.6,24669.6,24678,24677.4,NIFTY31JUL25C24700,3900,4500,-48.04,NIFTY31JUL25P24700,6375,10350,65.69,2.45
10:22:41,24682.4,24682.4,24649.8,24656.1,24663.7,NIFTY31JUL25C24650,8025,6075,-20.09,NIFTY31JUL25P24650,10350,4275,7.01,5.6
10:32:42,24655.85,24659,24628.05,24646.1,24645.75,NIFTY31JUL25C24650,5700,10725,-24.37,NIFTY31JUL25P24650,11100,11475,12.88,9.15
10:42:43,24645.6,24649.8,24634.25,24638.1,24640,NIFTY31JUL25C24650,9150,6000,-26.25,NIFTY31JUL25P24650,7575,5175,19,2.35
10:52:44,24638.25,24644.05,24614.3,24629.5,24628.65,NIFTY31JUL25C24650,11625,6750,-27.73,NIFTY31JUL25P24650,10500,8700,21.84,5.1
11:02:44,24630.1,24650.5,24616.45,24641.2,24639,NIFTY31JUL25C24650,5925,9450,-24.9,NIFTY31JUL25P24650,6900,8625,13.89,4.45
11:12:44,24641.85,24653.9,24635.45,24649.1,24647.45,NIFTY31JUL25C24650,7200,5850,-22.04,NIFTY31JUL25P24650,29925,12300,7.51,3.27
14:34:45,24813.75,24827.95,24808.05,24811.9,24817.1,NIFTY31JUL25C24800,13275,9525,36.88,NIFTY31JUL25P24800,10650,14700,-56.45,3.45
14:44:45,24811.75,24812.1,24772.7,24789.75,24786.65,NIFTY31JUL25C24800,12825,14700,19.83,NIFTY31JUL25P24800,12675,5700,-52.62,3.15
09:59:17,24836.45,24856.4,24814.95,24840.85,24831.35,NIFTY31JUL25C24850,10950,12450,-6.77,NIFTY31JUL25P24850,10575,5625,-11.74,8.5
10:09:17,24840.9,24847.6,24830.65,24838,24839.95,NIFTY31JUL25C24850,14175,16200,-12.23,NIFTY31JUL25P24850,10650,10425,-6.29,2.3
10:19:18,24838.25,24858.75,24834.3,24857.75,24840.98,NIFTY31JUL25C24850,9975,12900,2.07,NIFTY31JUL25P24850,10725,15525,-21.09,3.63
11:03:54,24813.95,24830.35,24809.55,24827.4,24817.57,NIFTY31JUL25C24850,13500,22875,-17.62,NIFTY31JUL25P24850,8850,10200,-7.85,2.28
11:13:55,24827.5,24838.45,24809.3,24835.45,24819.95,NIFTY31JUL25C24850,14400,11400,-13.48,NIFTY31JUL25P24850,11550,11925,-14.56,5.75
11:50:38,24844.55,24876.8,24840.9,24862.05,24865,NIFTY31JUL25C24850,18900,5700,11.89,NIFTY31JUL25P24850,2625,13800,-35.83,3.2
12:00:38,24861.65,24884.2,24861.65,24875.1,24874.95,NIFTY31JUL25C24900,13950,18975,12.73,NIFTY31JUL25P24900,8250,15075,-35.33,5.3
12:10:38,24875.45,24876.25,24857.7,24865.3,24867.25,NIFTY31JUL25C24850,17025,11925,12.72,NIFTY31JUL25P24850,16875,17700,-37.57,2.8
12:20:39,24865.15,24874.6,24849.6,24870.6,24860.1,NIFTY31JUL25C24850,11250,13200,8.98,NIFTY31JUL25P24850,12975,28425,-37.09,5.45
12:30:39,24870.45,24874.25,24859.85,24872.8,24870.25,NIFTY31JUL25C24850,10725,8775,10.92,NIFTY31JUL25P24850,17025,12225,-39.48,1.45
12:40:41,24872.55,24874.85,24857.6,24867.6,24864,NIFTY31JUL25C24850,7500,12375,4.98,NIFTY31JUL25P24850,13350,14850,-37.75,1.35
12:50:41,24867.45,24871.75,24853.7,24856.8,24858.95,NIFTY31JUL25C24850,10500,13050,0.83,NIFTY31JUL25P24850,13425,15675,-34.33,2.35
13:00:41,24856.7,24875,24855.9,24865.8,24866.35,NIFTY31JUL25C24850,9525,10050,4.63,NIFTY31JUL25P24850,13200,18150,-37.45,1.65
13:10:42,24865.3,24872.55,24861.65,24863.55,24867.9,NIFTY31JUL25C24850,9150,15750,4.35,NIFTY31JUL25P24850,18600,25725,-37.45,1.4
13:20:43,24863.5,24863.55,24832.65,24850.1,24851.85,NIFTY31JUL25C24850,8925,13575,-8.57,NIFTY31JUL25P24850,18825,17025,-29.48,2.5
13:30:43,24849.35,24850.35,24833.25,24836,24838.1,NIFTY31JUL25C24850,9600,13350,-17.83,NIFTY31JUL25P24850,12450,7650,-20.85,1.4
13:40:44,24837.75,24861.95,24831.6,24860.15,24855.55,NIFTY31JUL25C24850,10800,12075,1.11,NIFTY31JUL25P24850,24450,23100,-37.39,3.7
13:50:44,24859.95,24867.9,24856,24859.3,24860.8,NIFTY31JUL25C24850,10425,15900,-0.9,NIFTY31JUL25P24850,12675,19425,-38.71,1.95
14:00:45,24859.55,24871.6,24849.55,24870.05,24859.7,NIFTY31JUL25C24850,4650,7050,8.57,NIFTY31JUL25P24850,12000,19500,-43.08,2.5
14:10:45,24869.6,24874.9,24845.9,24863.15,24866.2,NIFTY31JUL25C24850,11775,9225,2.97,NIFTY31JUL25P24850,13200,30300,-41.64,3.45
14:20:46,24862.8,24866.25,24852.85,24855.25,24859.85,NIFTY31JUL25C24850,10200,10425,-1.87,NIFTY31JUL25P24850,17775,34575,-40.2,2.5
09:50:20,24687.25,24710.7,24687.2,24693.25,24702.5,NIFTY31JUL25C24700,8850,17550,-75.16,NIFTY31JUL25P24700,10425,13125,290.64,2.68
10:00:20,24694.05,24709.35,24685.05,24685.05,24702.65,NIFTY31JUL25C24700,12375,10725,-79.72,NIFTY31JUL25P24700,2625,6450,322.07,3.25
10:10:21,24685.1,24687,24653.6,24676.05,24667.57,NIFTY31JUL25C24700,28800,24600,-82.87,NIFTY31JUL25P24700,15375,13425,336.12,8.45
10:20:21,24675.6,24683.45,24665.3,24670.55,24674.55,NIFTY31JUL25C24650,10425,7500,-77.6,NIFTY31JUL25P24650,10350,23550,273.11,2.5
10:30:21,24668.95,24692.8,24666.7,24676.1,24682.48,NIFTY31JUL25C24700,19125,25800,-84.71,NIFTY31JUL25P24700,5775,9900,328.09,4.63
10:40:22,24677.15,24685.7,24662.6,24683.55,24674.3,NIFTY31JUL25C24700,40725,44475,-84.79,NIFTY31JUL25P24700,12675,12075,300.67,2.7
11:15:09,24761.35,24776.2,24740.7,24747.4,24756.35,NIFTY31JUL25C24750,23100,23175,-71.99,NIFTY31JUL25P24750,12075,14925,118.89,9.9
11:25:09,24747.05,24797.1,24742.05,24797.1,24759.8,NIFTY31JUL25C24800,8925,9450,-50.54,NIFTY31JUL25P24800,10575,9300,59.32,11.4
11:35:09,24796.9,24814.1,24779.5,24812.65,24787.75,NIFTY31JUL25C24800,5775,12075,-40.94,NIFTY31JUL25P24800,11625,10800,43.76,4.4
11:45:10,24813.05,24819.8,24788.65,24809.75,24798.85,NIFTY31JUL25C24800,7425,5175,-39.57,NIFTY31JUL25P24800,10050,10500,35.9,4.42
