Symbol,Name,Sentiment,Confidence(%),Compound,Positive,Negative,Neutral,GoogleNewsCount,RedditCount,StockTwitsCount,EconomicTimesCount,MoneycontrolCount,YahooFinanceCount,SampleCount,Timestamp
RELIANCE,Reliance Industries,Positive,18,0.178,0.112,0.049,0.839,40,38,0,0,6,10,94,2026-04-03T16:12:08.760Z
TCS,Tata Consultancy Services,Positive,6,0.063,0.087,0.067,0.845,40,39,0,0,0,10,89,2026-04-03T16:12:09.213Z
HDFCBANK,HDFC Bank,Positive,13,0.13,0.097,0.047,0.857,40,23,0,14,0,10,87,2026-04-03T16:12:10.923Z
INFY,Infosys,Positive,14,0.135,0.091,0.04,0.868,40,26,0,6,0,10,82,2026-04-03T16:12:11.000Z
ICICIBANK,ICICI Bank,Positive,12,0.12,0.108,0.054,0.839,40,16,0,10,0,10,76,2026-04-03T16:12:12.654Z
SBIN,State Bank of India,Positive,22,0.221,0.102,0.017,0.881,40,23,0,0,0,10,73,2026-04-03T16:12:13.283Z
BHARTIARTL,Bharti Airtel,Positive,17,0.166,0.086,0.022,0.892,40,16,0,6,2,10,74,2026-04-03T16:12:14.695Z
WIPRO,Wipro,Positive,16,0.159,0.107,0.029,0.864,40,19,0,0,0,10,69,2026-04-03T16:12:16.169Z
AXISBANK,Axis Bank,Positive,15,0.147,0.098,0.031,0.871,40,16,0,6,2,10,74,2026-04-03T16:12:16.466Z
KOTAKBANK,Kotak Mahindra Bank,Positive,14,0.145,0.109,0.042,0.849,40,16,0,4,0,10,70,2026-04-03T16:12:17.988Z
GOLD,Gold price India,Positive,10,0.102,0.107,0.057,0.837,40,39,0,4,0,10,93,2026-04-03T16:12:19.543Z
NATURALGAS,Natural Gas MCX India,Positive,24,0.235,0.129,0.016,0.855,20,20,0,0,0,10,50,2026-04-03T16:12:19.826Z
