open,high,low,close,average,median,stdDeviation,trend,macd,rsi,bollinger,time,diff,range,diffFromHigh
23430.45,23433.25,,23419.60,23427.334333333336,23426.45,3.4260625440226913,Sideways,DOWN,NEUTRAL,neutral,1.739160709241e+12,-10.850000000002183,NaN,NaN
23419.70,23422.55,,23407.45,23413.108500000006,23412.2,4.899066518225661,Sideways,DOWN,NEUTRAL,neutral,1.739160864744e+12,-12.25,NaN,NaN
23407.30,23419.4,,23418.70,23411.893666666667,23411.074999999997,3.7890535171142554,Sideways,DOWN,NEUTRAL,neutral,1.73916101773e+12,11.400000000001455,NaN,NaN
23418.20,23424.35,,23422.75,23420.570999999996,23421.15,2.2657689643915293,Sideways,DOWN,NEUTRAL,neutral,1.739161174231e+12,4.549999999999272,NaN,NaN
23422.45,23438.4,,23432.30,23429.158666666666,23429.05,3.851691172574473,Sideways,DOWN,NEUTRAL,neutral,1.739161329227e+12,9.849999999998545,NaN,NaN
23448.90,23459.55,23443.45,23451.40,23450.158500000012,23450.7,3.4732265618585076,Sideways,DOWN,NEUTRAL,neutral,1.739161685239e+12,2.5,16.099999999998545,50.621118012413376
23450.90,23455.75,23443.35,23451.75,23449.36850000001,23449.425000000003,2.4437708737386683,Sideways,DOWN,NEUTRAL,neutral,1.739161837742e+12,0.8499999999985448,12.400000000001455,32.258064516125245
23450.60,23459.7,23448.2,23453.20,23455.23233333334,23455.45,2.424363398686136,Sideways,DOWN,NEUTRAL,neutral,1.73916199473e+12,2.600000000002183,11.5,56.52173913043478
23455.00,23461.4,23431.9,23437.90,23448.61116666668,23451.824999999997,8.620164362637723,Sideways,DOWN,NEUTRAL,neutral,1.739162147731e+12,-17.099999999998545,29.5,79.66101694915254
23438.20,23442.25,23409.85,23418.50,23430.220833333326,23435.45,10.287853240864019,Sideways,DOWN,NEUTRAL,neutral,1.739162303731e+12,-19.700000000000728,32.400000000001455,73.30246913579917
23418.70,23418.7,23376.15,23376.15,23394.13450000001,23391.125,11.02443051061294,Sideways,DOWN,UP,neutral,1.739162461233e+12,-42.54999999999927,42.54999999999927,100
23376.00,23388.7,23366.45,23368.10,23376.738,23377,5.881067590157378,Sideways,DOWN,NEUTRAL,neutral,1.739162614228e+12,-7.900000000001455,22.25,92.58426966293116
23369.05,23379.1,23359,23359.80,23369.017000000014,23369.725,5.954509019781999,Sideways,DOWN,NEUTRAL,neutral,1.739162770227e+12,-9.25,20.099999999998545,96.01990049751576
23359.50,23375.05,23357.9,23373.80,23366.932999999994,23367.85,5.065233887327732,Sideways,DOWN,NEUTRAL,neutral,1.739162924728e+12,14.299999999999272,17.149999999997817,7.288629737610257
23373.15,23381.35,23363.9,23374.00,23372.83866666667,23373.05,4.362597264117785,Sideways,DOWN,NEUTRAL,neutral,1.739163080231e+12,0.8499999999985448,17.44999999999709,42.12034383954023
23374.95,23388.1,23373.4,23387.50,23378.747666666666,23377.6,3.9351888420025487,Sideways,DOWN,NEUTRAL,neutral,1.739163237231e+12,12.549999999999272,14.69999999999709,4.081632653052133
23384.50,23386.9,23374.3,23386.30,23380.673833333334,23381.25,2.9921742884101783,Sideways,DOWN,NEUTRAL,neutral,1.739163532741e+12,1.7999999999992724,12.600000000002183,4.761904761921261
23387.10,23388.3,23375.25,23379.10,23380.925333333333,23380.324999999997,3.7186634994608068,Sideways,DOWN,NEUTRAL,neutral,1.739163747232e+12,-8,13.049999999999272,70.49808429119724
23378.05,23382.95,23369.25,23372.85,23375.90816666667,23374.75,3.359219895385859,Sideways,DOWN,NEUTRAL,neutral,1.739163903738e+12,-5.200000000000728,13.700000000000728,73.7226277372383
23372.60,23394.25,23363.9,23393.70,23371.925833333335,23369.45,7.646565087599088,Sideways,DOWN,NEUTRAL,neutral,1.739164061229e+12,21.100000000002183,30.349999999998545,1.8121911037868164
23392.70,23402.4,23384.95,23400.35,23394.97833333332,23396,5.146655602319642,Sideways,DOWN,NEUTRAL,neutral,1.739164216229e+12,7.649999999997817,17.450000000000728,11.747851002881518
23400.80,23406.15,23397.35,23402.70,23402.441333333336,23402.6,1.9994811549221856,Sideways,DOWN,UP,neutral,1.73916437273e+12,1.9000000000014552,8.80000000000291,39.20454545454076
23401.35,23403.1,23383.85,23388.15,23392.839666666685,23392.6,4.543885256278136,Sideways,DOWN,NEUTRAL,neutral,1.739164527226e+12,-13.19999999999709,19.25,77.66233766232254
23386.80,23390.15,23365.4,23366.40,23382.444000000014,23384.25,6.58841513567563,Sideways,DOWN,NEUTRAL,neutral,1.739164685225e+12,-20.399999999997817,24.75,95.95959595959596
23379.55,23397.3,23377,23392.50,23385.97133333334,23383.475,6.527736582375928,Sideways,DOWN,NEUTRAL,neutral,1.739164994736e+12,12.950000000000728,20.299999999999272,23.6453201970416
23391.95,23400.4,23386.05,23393.85,23391.99616666666,23391.8,3.6410589538697775,Sideways,DOWN,NEUTRAL,neutral,1.739165152224e+12,1.8999999999978172,14.350000000002183,45.64459930314923
23393.95,23396.7,23386.35,23394.20,23390.747833333327,23389.8,2.521941111965646,Sideways,DOWN,NEUTRAL,neutral,1.739165311224e+12,0.25,10.350000000002183,24.154589371975582
23394.75,23399,23390.25,23392.65,23394.55933333334,23394.425000000003,2.2424568867402725,Sideways,DOWN,NEUTRAL,neutral,1.739165470723e+12,-2.099999999998545,8.75,72.57142857141194
23392.45,23392.7,23380.45,23391.40,23388.297,23389.05,2.8918231273714263,Sideways,DOWN,NEUTRAL,neutral,1.739165627222e+12,-1.0499999999992724,12.25,10.612244897953243
23391.20,23399.3,23389.65,23396.85,23394.599000000002,23395.35,2.5149186202870757,Sideways,DOWN,DOWN,neutral,1.73916578872e+12,5.649999999997817,9.649999999997817,25.388601036282715
23396.60,23400.45,23391.3,23399.75,23395.389666666688,23395.025,2.016348156665622,Sideways,DOWN,NEUTRAL,neutral,1.739165945222e+12,3.150000000001455,9.150000000001455,7.6502732240504505
23399.95,23400.55,23385.7,23386.30,23393.99583333333,23392.975,4.239546867165131,Sideways,DOWN,NEUTRAL,neutral,1.739166102221e+12,-13.650000000001455,14.849999999998545,95.95959595960537
23386.40,23398.5,23386.4,23394.15,23393.553666666678,23393.85,3.155865421014655,Sideways,DOWN,NEUTRAL,neutral,1.739166262719e+12,7.75,12.099999999998545,35.95041322313279
23394.40,23403.3,23389.2,23394.45,23396.09983333333,23395.375,3.546621628003445,Sideways,DOWN,NEUTRAL,neutral,1.739166422219e+12,0.049999999999272404,14.099999999998545,62.76595744680466
23394.80,23397.95,23385.15,23389.90,23392.994500000004,23394.375,3.063869244925383,Sideways,DOWN,NEUTRAL,neutral,1.73916658072e+12,-4.899999999997817,12.799999999999272,62.89062499999789
23390.50,23396.4,23386.35,23393.50,23390.90533333335,23391.15,2.046437120678051,Sideways,DOWN,NEUTRAL,neutral,1.739166737721e+12,3,10.05000000000291,28.85572139304095
23394.05,23395.75,23376.85,23384.60,23387.713999999993,23387.175000000003,4.575072385584107,Sideways,DOWN,NEUTRAL,neutral,1.739166895718e+12,-9.450000000000728,18.900000000001455,58.994708994712155
23384.55,23393.8,23371.35,23392.15,23380.287333333337,23381.825,6.0780223940211,Sideways,DOWN,NEUTRAL,neutral,1.739167054723e+12,7.600000000002183,22.450000000000728,7.3496659242662075
23393.05,23399.55,23388.45,23388.80,23395.134833333337,23395.05,2.2551411571980884,Sideways,DOWN,NEUTRAL,neutral,1.739167213221e+12,-4.25,11.099999999998545,96.84684684685955
23388.65,23390.55,23379.85,23384.90,23386.35166666666,23387.1,2.5704404075738405,Sideways,DOWN,UP,neutral,1.739167375723e+12,-3.75,10.700000000000728,52.80373831773302
23385.50,23401.65,23383.9,23398.05,23392.27649999998,23391.65,5.267033265194493,Sideways,DOWN,NEUTRAL,neutral,1.739167533723e+12,12.549999999999272,17.75,20.281690140857368
23397.55,23399.05,23392.4,23392.80,23396.302833333324,23396.425000000003,1.4721130976329213,Sideways,DOWN,NEUTRAL,neutral,1.739167693725e+12,-4.75,6.649999999997817,93.9849624060459
23392.85,23397.9,23388.6,23392.05,23392.92833333332,23392.7,2.3716338718745287,Sideways,DOWN,NEUTRAL,neutral,1.739167851724e+12,-0.7999999999992724,9.30000000000291,62.903225806455396
23392.20,23392.2,23380,23385.30,23383.555166666665,23383.4,2.41826693568397,Sideways,DOWN,NEUTRAL,neutral,1.739168007725e+12,-6.900000000001455,12.200000000000728,56.55737704918889
23385.65,23401.25,23383.85,23397.05,23392.442833333334,23393.25,4.9416873271068855,Sideways,DOWN,NEUTRAL,neutral,1.739168167225e+12,11.399999999997817,17.400000000001455,24.13793103448492
23396.70,23396.85,23390.35,23391.05,23393.141166666665,23393,1.1124958302043955,Sideways,DOWN,NEUTRAL,neutral,1.739168324725e+12,-5.650000000001455,6.5,89.23076923075803
23391.20,23391.5,23377.5,23380.35,23383.453500000025,23381.95,4.479562413525043,Sideways,DOWN,NEUTRAL,neutral,1.739168480228e+12,-10.850000000002183,14,79.64285714286754
23380.45,23387.4,23371.9,23387.40,23376.417333333342,23375.85,2.8266646226408527,Sideways,DOWN,DOWN,neutral,1.739168636726e+12,6.950000000000728,15.5,0
23386.70,23390.2,23380.35,23385.25,23385.351000000017,23385.25,1.9598721897103968,Sideways,DOWN,NEUTRAL,neutral,1.739168795727e+12,-1.4500000000007276,9.850000000002183,50.25380710659524
23385.15,23388.65,23373.8,23373.85,23379.23483333332,23377.35,4.386822499131825,Sideways,DOWN,NEUTRAL,neutral,1.739168951228e+12,-11.30000000000291,14.850000000002183,99.66329966330461
23375.30,23375.3,23345.35,23346.25,23362.011499999993,23364.775,9.68973560440808,Sideways,DOWN,NEUTRAL,neutral,1.739169106727e+12,-29.049999999999272,29.950000000000728,96.9949916527498
23346.45,23358.4,23338.55,23356.50,23347.72083333332,23345.5,6.104595889346104,Sideways,DOWN,NEUTRAL,neutral,1.739169259731e+12,10.049999999999272,19.850000000002183,9.571788413104516
23357.20,23365.55,23353.05,23353.65,23359.898499999996,23360.025,2.9376077710727144,Sideways,DOWN,NEUTRAL,neutral,1.739169416729e+12,-3.5499999999992724,12.5,95.19999999998254
23353.55,23354.9,23347.05,23347.05,23350.73283333335,23350.45,1.7672474752814398,Sideways,DOWN,NEUTRAL,neutral,1.739169572729e+12,-6.5,7.850000000002183,100
23347.70,23358.35,23347.6,23352.10,23352.410333333315,23352.574999999997,2.7569173404768526,Sideways,DOWN,NEUTRAL,neutral,1.739169728729e+12,4.399999999997817,10.75,58.139534883720934
23352.05,23353.8,23339.85,23353.35,23348.50166666665,23349.45,3.1945417859566114,Sideways,DOWN,NEUTRAL,neutral,1.73916988173e+12,1.2999999999992724,13.950000000000728,3.2258064516179505
23353.75,23356.5,23345.35,23354.15,23351.913333333338,23352.1,2.1433281492939535,Sideways,DOWN,NEUTRAL,neutral,1.739170037727e+12,0.4000000000014552,11.150000000001455,21.0762331838407
23354.60,23359.6,23340.55,23343.50,23351.686166666655,23351.225,4.6856518904938556,Sideways,DOWN,NEUTRAL,neutral,1.739170191727e+12,-11.099999999998545,19.049999999999272,84.51443569553365
23344.25,23361.7,23338.8,23357.65,23352.15483333334,23353.375,6.448715761469269,Sideways,DOWN,NEUTRAL,neutral,1.739170342728e+12,13.400000000001455,22.900000000001455,17.685589519646356
23359.65,23360.75,23352.9,23357.15,23357.566000000013,23357.6,1.4599636981789113,Sideways,DOWN,NEUTRAL,neutral,1.739170495229e+12,-2.5,7.849999999998545,45.85987261145493
23357.35,23361,23350.05,23360.25,23355.659666666666,23355.574999999997,2.2168235282844924,Sideways,DOWN,NEUTRAL,neutral,1.739170650729e+12,2.900000000001455,10.950000000000728,6.849315068492695
23359.90,23371.25,23358.85,23365.35,23365.011333333336,23365.55,2.7576025013687353,Sideways,DOWN,NEUTRAL,neutral,1.739170804228e+12,5.44999999999709,12.400000000001455,47.580645161296474
23365.50,23365.8,23356.9,23362.55,23361.593833333336,23361.475,1.9596012278579387,Sideways,DOWN,NEUTRAL,neutral,1.739170961729e+12,-2.9500000000007276,8.899999999997817,36.51685393259322
23363.25,23363.25,23350.55,23354.05,23356.297499999997,23356.7,3.206161061144587,Sideways,DOWN,NEUTRAL,neutral,1.73917111723e+12,-9.200000000000728,12.700000000000728,72.44094488189134
23353.05,23360.4,23346,23350.50,23351.717166666665,23351.824999999997,2.9742585023647625,Sideways,DOWN,NEUTRAL,neutral,1.739171271229e+12,-2.5499999999992724,14.400000000001455,68.75000000000315
23350.05,23359.45,23342.65,23358.65,23351.64933333332,23352.3,4.150202752744499,Sideways,DOWN,NEUTRAL,neutral,1.739171426228e+12,8.600000000002183,16.799999999999272,4.761904761900637
23359.40,23360.25,23347.3,23347.85,23355.822666666674,23357.4,3.503669917228089,Sideways,DOWN,NEUTRAL,neutral,1.739171578728e+12,-11.55000000000291,12.950000000000728,95.75289575290161
23348.15,23369.7,23347.15,23368.60,23359.02716666665,23358.75,6.084703797684435,Sideways,DOWN,NEUTRAL,neutral,1.739171730728e+12,20.44999999999709,22.549999999999272,4.878048780497642
23368.90,23370.65,23357.7,23361.10,23363.398333333324,23362.35,2.9568221492376807,Sideways,DOWN,NEUTRAL,neutral,1.739171882728e+12,-7.80000000000291,12.950000000000728,73.74517374519208
23362.40,23367.15,23359.2,23363.20,23363.755166666666,23363.7,1.4534894698238718,Sideways,DOWN,NEUTRAL,neutral,1.739172037228e+12,0.7999999999992724,7.950000000000728,49.68553459119958
23361.60,23364.2,23352.4,23355.95,23357.585333333336,23356.574999999997,3.000211362924632,Sideways,DOWN,NEUTRAL,neutral,1.739172192235e+12,-5.649999999997817,11.799999999999272,69.91525423729244
23354.90,23359.35,23348.5,23357.95,23355.007666666676,23355.2,2.342550153619401,Sideways,DOWN,NEUTRAL,neutral,1.739172345731e+12,3.0499999999992724,10.849999999998545,12.903225806433225
23358.40,23363.15,23347.6,23348.85,23354.395166666654,23354.574999999997,3.9553931501461204,Sideways,DOWN,NEUTRAL,neutral,1.739172503729e+12,-9.55000000000291,15.55000000000291,91.96141479099829
23349.45,23356.95,23347.2,23351.75,23351.77316666668,23351.85,1.8177793152328867,Sideways,DOWN,NEUTRAL,neutral,1.739172659736e+12,2.2999999999992724,9.75,53.333333333340796
23350.80,23359.25,23347.65,23356.45,23353.131499999996,23352.975,2.414856672765382,Sideways,DOWN,NEUTRAL,neutral,1.739172812732e+12,5.650000000001455,11.599999999998545,24.137931034479514
23357.50,23358.65,23345.35,23348.10,23351.03499999999,23350.574999999997,3.009572228739608,Sideways,DOWN,NEUTRAL,neutral,1.73917296823e+12,-9.400000000001455,13.30000000000291,79.32330827068121
23347.65,23357.6,23346.55,23349.00,23352.514833333353,23352.5,2.224879391238009,Sideways,DOWN,NEUTRAL,neutral,1.739173122734e+12,1.3499999999985448,11.049999999999272,77.82805429863448
23349.05,23354.8,23346.8,23349.40,23351.122999999992,23351.25,1.56122953682885,Sideways,DOWN,NEUTRAL,neutral,1.739173277735e+12,0.3500000000021828,8,67.49999999997272
23350.80,23353.05,23344,23346.45,23348.463833333317,23348.45,1.550704239656552,Sideways,DOWN,NEUTRAL,neutral,1.73917343323e+12,-4.349999999998545,9.049999999999272,72.9281767955699
23345.35,23353.85,23342.95,23347.05,23348.320333333337,23348.3,1.8299280192278842,Sideways,DOWN,NEUTRAL,neutral,1.73917358873e+12,1.7000000000007276,10.899999999997817,62.38532110092325
23347.80,23347.8,23334.45,23338.00,23340.189166666652,23339.2,3.3522590848893103,Sideways,DOWN,NEUTRAL,neutral,1.739173742227e+12,-9.799999999999272,13.349999999998545,73.40823970037708
23337.65,23343.35,23332.05,23341.45,23337.575000000004,23336.9,2.8064672336112366,Sideways,DOWN,NEUTRAL,neutral,1.739173895727e+12,3.7999999999992724,11.299999999999272,16.814159292017163
23341.55,23349.9,23340.35,23341.65,23344.39850000002,23344.4,1.661622525324741,Sideways,DOWN,NEUTRAL,neutral,1.739174049733e+12,0.10000000000218279,9.55000000000291,86.38743455494749
23341.30,23344.05,23325.15,23343.50,23336.146999999997,23335.6,4.707832940961273,Sideways,DOWN,NEUTRAL,neutral,1.739174203725e+12,2.2000000000007276,18.899999999997817,2.9100529100493966
23343.65,23356.05,23338.9,23347.95,23346.505833333325,23346.574999999997,4.253058621614439,Sideways,DOWN,NEUTRAL,neutral,1.739174358227e+12,4.299999999999272,17.149999999997817,47.23032069970598
23348.65,23353,23342.5,23345.50,23347.48499999999,23346.75,2.417621075906416,Sideways,DOWN,NEUTRAL,neutral,1.739174512725e+12,-3.150000000001455,10.5,71.42857142857143
23344.05,23345.05,23317.8,23320.60,23336.696666666674,23337.125,5.847968783166574,Sideways,DOWN,NEUTRAL,neutral,1.739174667726e+12,-23.450000000000728,27.25,89.7247706422045
23319.70,23329.3,23317.9,23325.80,23325.00216666668,23325.675000000003,2.271200924376598,Sideways,DOWN,NEUTRAL,neutral,1.739174819725e+12,6.099999999998545,11.399999999997817,30.70175438597079
23325.60,23336.55,23325.25,23333.50,23333.240166666663,23333.75,2.34794484011482,Sideways,DOWN,NEUTRAL,neutral,1.739174975225e+12,7.900000000001455,11.299999999999272,26.991150442473177
23333.60,23338.95,23329.2,23338.70,23335.242666666665,23335.35,1.9887633231623287,Sideways,DOWN,NEUTRAL,neutral,1.739175129726e+12,5.100000000002183,9.75,2.564102564102564
23338.05,23347.2,23331,23346.65,23338.115833333322,23337.7,4.207024796562117,Sideways,DOWN,NEUTRAL,neutral,1.739175285224e+12,8.600000000002183,16.200000000000728,3.395061728390418
23346.80,23351.65,23342.2,23345.20,23347.107333333326,23346.775,2.318303162995706,Sideways,DOWN,NEUTRAL,neutral,1.739175438723e+12,-1.5999999999985448,9.450000000000728,68.2539682539707
23345.25,23360.15,23342.45,23351.95,23351.870499999994,23352.15,3.848757992305197,Sideways,DOWN,NEUTRAL,neutral,1.739175595729e+12,6.700000000000728,17.700000000000728,46.327683615821414
23351.70,23377,23348.85,23367.90,23358.4645,23354.525,8.152381947422908,Sideways,DOWN,NEUTRAL,neutral,1.739175750223e+12,16.200000000000728,28.150000000001455,32.3268206039008
23367.40,23370.35,23362.65,23364.95,23366.492333333346,23366.475,1.273168444821375,Sideways,DOWN,NEUTRAL,neutral,1.739175905723e+12,-2.4500000000007276,7.69999999999709,70.1298701298683
23366.40,23366.9,23352,23358.45,23359.746000000003,23360.225,3.2846132192390964,Sideways,DOWN,NEUTRAL,neutral,1.739176059723e+12,-7.950000000000728,14.900000000001455,56.7114093959725
23358.85,23362.65,23350.45,23358.30,23357.745166666653,23358.3,2.4091599446464733,Sideways,DOWN,NEUTRAL,neutral,1.739176213725e+12,-0.5499999999992724,12.200000000000728,35.6557377049338
23358.65,23361.9,23349.55,23352.95,23355.655499999993,23355.6,2.6382433707551463,Sideways,DOWN,NEUTRAL,neutral,1.739176366721e+12,-5.700000000000728,12.350000000002183,72.46963562752345
23350.85,23355.4,23336.85,23338.65,23347.026333333342,23348.075,4.33222112649962,Sideways,DOWN,NEUTRAL,neutral,1.739176519723e+12,-12.19999999999709,18.55000000000291,90.29649595685915
23339.20,23350.55,23337.35,23341.20,23344.61133333333,23344.3,2.448786411447194,Sideways,DOWN,NEUTRAL,neutral,1.739176675222e+12,2,13.200000000000728,70.83333333331841
23341.75,23344.6,23335.85,23340.40,23340.383000000027,23340.4,1.614267945540611,Sideways,DOWN,NEUTRAL,neutral,1.739176828221e+12,-1.3499999999985448,8.75,47.99999999996673
23339.80,23343.65,23335.8,23337.45,23339.653,23339.65,1.5034652196399632,Sideways,DOWN,NEUTRAL,neutral,1.739176981721e+12,-2.349999999998545,7.850000000002183,78.98089171973253
23337.90,23337.9,23325.05,23330.35,23331.43883333331,23330.75,3.8249815213788314,Sideways,DOWN,NEUTRAL,neutral,1.73917713422e+12,-7.55000000000291,12.850000000002183,58.75486381324224
23328.15,23335.85,23327.8,23330.10,23331.755,23331.725,1.6960714411054536,Sideways,DOWN,NEUTRAL,neutral,1.73917728722e+12,1.9499999999970896,8.049999999999272,71.42857142857788
23330.35,23338.3,23326.25,23332.35,23332.353333333333,23332.1,2.6004401336867597,Sideways,DOWN,NEUTRAL,neutral,1.739177440729e+12,2,12.049999999999272,49.37759336100487
23331.95,23333.75,23322.05,23323.00,23327.89583333334,23327.6,2.584264751443981,Sideways,DOWN,NEUTRAL,neutral,1.739177595735e+12,-8.950000000000728,11.700000000000728,91.88034188033618
23322.45,23331.8,23317.5,23327.70,23324.083000000006,23323.3,3.9329985591997128,Sideways,DOWN,NEUTRAL,neutral,1.739177749273e+12,5.25,14.299999999999272,28.671328671319955
23327.80,23337.25,23327.25,23330.80,23331.60333333333,23331.3,2.5161456414304104,Sideways,DOWN,NEUTRAL,neutral,1.739177904225e+12,3,10,64.50000000000728
23328.90,23350.2,23328.65,23346.45,23338.33733333332,23337.824999999997,5.595239603647184,Sideways,DOWN,NEUTRAL,neutral,1.739178060723e+12,17.549999999999272,21.549999999999272,17.401392111369496
23348.95,23355.05,23345.8,23352.60,23351.002999999997,23351.074999999997,1.2136546735651172,Sideways,DOWN,NEUTRAL,neutral,1.739178215224e+12,3.649999999997817,9.25,26.486486486494353
23353.45,23363.35,23351.1,23356.60,23355.7565,23355.3,2.9018900880862737,Sideways,DOWN,NEUTRAL,neutral,1.73917837173e+12,3.149999999997817,12.25,55.10204081632652
23357.65,23367.75,23354.1,23366.70,23361.085666666677,23360.574999999997,3.547345658689353,Sideways,DOWN,NEUTRAL,neutral,1.739178524225e+12,9.049999999999272,13.650000000001455,7.692307692301542
23364.65,23392.2,23364.05,23380.60,23373.729999999996,23369.525,7.811233363987192,Sideways,DOWN,NEUTRAL,neutral,1.739178676727e+12,15.94999999999709,28.150000000001455,41.207815275316456
23377.15,23385.1,23369.95,23372.30,23376.28566666668,23376.475,3.3580789978134042,Sideways,DOWN,NEUTRAL,neutral,1.739178829225e+12,-4.850000000002183,15.149999999997817,84.48844884489186
23372.15,23376.95,23364.75,23366.95,23372.068999999992,23372.3,2.4467098315901232,Sideways,DOWN,NEUTRAL,neutral,1.739178983224e+12,-5.200000000000728,12.200000000000728,81.9672131147492
23367.40,23381.15,23360.1,23380.90,23368.313166666656,23368.125,4.3458181016031965,Sideways,DOWN,NEUTRAL,neutral,1.739179136225e+12,13.5,21.05000000000291,1.187648456056843
23381.70,23383.1,23370.45,23382.70,23377.42066666667,23377.525,3.813568699030144,Sideways,DOWN,NEUTRAL,neutral,1.739179290728e+12,1,12.649999999997817,3.1620553359516697
23381.80,23388.6,23375.1,23383.25,23383.230833333342,23384.35,3.1639886702635405,Sideways,DOWN,NEUTRAL,neutral,1.739179444725e+12,1.4500000000007276,13.5,39.629629629618854
23384.60,23392.1,23382.6,23386.10,23388.207666666647,23388.55,2.210401446696048,Sideways,DOWN,NEUTRAL,neutral,1.739179601223e+12,1.5,9.5,63.1578947368421
23387.55,23400.8,23385.2,23395.70,23396.40599999999,23397,2.5526712805737763,Sideways,DOWN,NEUTRAL,neutral,1.739179757224e+12,8.150000000001455,15.599999999998545,32.69230769230141
23395.95,23409.9,23379.55,23394.45,23394.694000000007,23397.05,6.4962140769322705,Sideways,DOWN,NEUTRAL,neutral,1.739179911227e+12,-1.5,30.350000000002183,50.9060955518933
23395.60,23396.75,23386.2,23392.10,23391.426833333342,23391.125,2.539725373386338,Sideways,DOWN,NEUTRAL,neutral,1.739180066724e+12,-3.5,10.549999999999272,44.075829383903084
23391.70,23392.3,23376.05,23376.05,23385.7845,23386.25,3.5547130334247425,Sideways,DOWN,NEUTRAL,neutral,1.739180223225e+12,-15.650000000001455,16.25,100
23376.70,23381.65,23371.6,23381.30,23377.32883333333,23377.324999999997,2.5018880148577094,Sideways,DOWN,NEUTRAL,neutral,1.739180379726e+12,4.599999999998545,10.05000000000291,3.4825870646973276
23381.20,23393.7,23378.2,23384.10,23387.061499999996,23386.824999999997,3.066633781526562,Sideways,DOWN,NEUTRAL,neutral,1.739180535724e+12,2.899999999997817,15.5,61.93548387098182
23384.15,23385.9,23378.6,23380.95,23382.243500000022,23382.3,1.7583323775668565,Sideways,DOWN,NEUTRAL,neutral,1.739180690722e+12,-3.2000000000007276,7.30000000000291,67.80821917806512
23381.45,23386.05,23373.2,23376.50,23378.75049999999,23379.1,3.483050590598264,Sideways,DOWN,NEUTRAL,neutral,1.739180844225e+12,-4.950000000000728,12.849999999998545,74.31906614786269
23375.70,23379.55,23370.85,23379.20,23376.218166666637,23376.625,1.9394359073938237,Sideways,DOWN,NEUTRAL,neutral,1.739180998231e+12,3.5,8.700000000000728,4.022988505730064
23379.15,23382.35,23375.3,23381.95,23379.870166666657,23380.3,1.5815135068099146,Sideways,DOWN,NEUTRAL,neutral,1.739181150722e+12,2.7999999999992724,7.049999999999272,5.673758865217851
23381.80,23382.1,23375.85,23381.00,23379.35583333334,23379.1,1.5694184609452242,Sideways,DOWN,NEUTRAL,neutral,1.739181310722e+12,-0.7999999999992724,6.25,17.599999999976717
23380.35,23387.15,23380.25,23381.10,23384.022166666673,23384.1,1.4861023873057124,Sideways,DOWN,NEUTRAL,neutral,1.739181463224e+12,0.75,6.900000000001455,87.68115942031355
